pid,arrival,priority,burst_index,burst_type,duration
1,0,5,1,CPU,4
1,0,5,2,IO,25
1,0,5,3,CPU,2
1,0,5,4,IO,19
1,0,5,5,CPU,2
1,0,5,6,IO,15
1,0,5,7,CPU,1
1,0,5,8,IO,10
1,0,5,9,CPU,5
1,0,5,10,IO,13
1,0,5,11,CPU,1
1,0,5,12,IO,18
1,0,5,13,CPU,3
2,3,9,1,CPU,4
2,3,9,2,IO,30
2,3,9,3,CPU,2
2,3,9,4,IO,24
2,3,9,5,CPU,2
2,3,9,6,IO,27
2,3,9,7,CPU,2
2,3,9,8,IO,25
2,3,9,9,CPU,5
2,3,9,10,IO,10
2,3,9,11,CPU,2
2,3,9,12,IO,13
2,3,9,13,CPU,3
2,3,9,14,IO,27
2,3,9,15,CPU,1
3,6,4,1,CPU,4
3,6,4,2,IO,22
3,6,4,3,CPU,5
3,6,4,4,IO,15
3,6,4,5,CPU,5
3,6,4,6,IO,12
3,6,4,7,CPU,2
3,6,4,8,IO,20
3,6,4,9,CPU,4
3,6,4,10,IO,19
3,6,4,11,CPU,1
3,6,4,12,IO,27
3,6,4,13,CPU,1
3,6,4,14,IO,13
3,6,4,15,CPU,5
4,8,8,1,CPU,5
4,8,8,2,IO,25
4,8,8,3,CPU,5
4,8,8,4,IO,19
4,8,8,5,CPU,5
4,8,8,6,IO,11
4,8,8,7,CPU,5
4,8,8,8,IO,15
4,8,8,9,CPU,5
4,8,8,10,IO,10
4,8,8,11,CPU,5
4,8,8,12,IO,17
4,8,8,13,CPU,5
5,11,4,1,CPU,2
5,11,4,2,IO,13
5,11,4,3,CPU,5
5,11,4,4,IO,10
5,11,4,5,CPU,3
5,11,4,6,IO,20
5,11,4,7,CPU,4
5,11,4,8,IO,19
5,11,4,9,CPU,1
5,11,4,10,IO,16
5,11,4,11,CPU,5
5,11,4,12,IO,21
5,11,4,13,CPU,3
6,13,7,1,CPU,5
6,13,7,2,IO,30
6,13,7,3,CPU,1
6,13,7,4,IO,15
6,13,7,5,CPU,1
6,13,7,6,IO,22
6,13,7,7,CPU,2
6,13,7,8,IO,13
6,13,7,9,CPU,3
7,14,5,1,CPU,5
7,14,5,2,IO,30
7,14,5,3,CPU,2
7,14,5,4,IO,22
7,14,5,5,CPU,5
7,14,5,6,IO,21
7,14,5,7,CPU,1
7,14,5,8,IO,16
7,14,5,9,CPU,5
8,16,2,1,CPU,1
8,16,2,2,IO,15
8,16,2,3,CPU,2
8,16,2,4,IO,20
8,16,2,5,CPU,3
8,16,2,6,IO,18
8,16,2,7,CPU,3
8,16,2,8,IO,24
8,16,2,9,CPU,2
9,18,5,1,CPU,3
9,18,5,2,IO,30
9,18,5,3,CPU,5
9,18,5,4,IO,12
9,18,5,5,CPU,3
9,18,5,6,IO,13
9,18,5,7,CPU,2
9,18,5,8,IO,11
9,18,5,9,CPU,3
9,18,5,10,IO,17
9,18,5,11,CPU,2
9,18,5,12,IO,23
9,18,5,13,CPU,2
9,18,5,14,IO,22
9,18,5,15,CPU,5
10,19,0,1,CPU,3
10,19,0,2,IO,11
10,19,0,3,CPU,2
10,19,0,4,IO,18
10,19,0,5,CPU,5
10,19,0,6,IO,23
10,19,0,7,CPU,5
10,19,0,8,IO,22
10,19,0,9,CPU,4
10,19,0,10,IO,19
10,19,0,11,CPU,4
11,21,5,1,CPU,2
11,21,5,2,IO,27
11,21,5,3,CPU,4
11,21,5,4,IO,27
11,21,5,5,CPU,4
11,21,5,6,IO,25
11,21,5,7,CPU,3
11,21,5,8,IO,20
11,21,5,9,CPU,3
11,21,5,10,IO,28
11,21,5,11,CPU,4
11,21,5,12,IO,11
11,21,5,13,CPU,5
11,21,5,14,IO,12
11,21,5,15,CPU,4
12,23,4,1,CPU,1
12,23,4,2,IO,30
12,23,4,3,CPU,4
12,23,4,4,IO,26
12,23,4,5,CPU,3
12,23,4,6,IO,23
12,23,4,7,CPU,4
12,23,4,8,IO,29
12,23,4,9,CPU,2
12,23,4,10,IO,20
12,23,4,11,CPU,2
12,23,4,12,IO,17
12,23,4,13,CPU,5
12,23,4,14,IO,12
12,23,4,15,CPU,4
13,25,2,1,CPU,3
13,25,2,2,IO,14
13,25,2,3,CPU,2
13,25,2,4,IO,30
13,25,2,5,CPU,1
13,25,2,6,IO,29
13,25,2,7,CPU,2
13,25,2,8,IO,19
13,25,2,9,CPU,5
13,25,2,10,IO,19
13,25,2,11,CPU,4
13,25,2,12,IO,17
13,25,2,13,CPU,3
13,25,2,14,IO,15
13,25,2,15,CPU,5
14,25,9,1,CPU,3
14,25,9,2,IO,30
14,25,9,3,CPU,5
14,25,9,4,IO,18
14,25,9,5,CPU,2
14,25,9,6,IO,26
14,25,9,7,CPU,5
14,25,9,8,IO,12
14,25,9,9,CPU,1
14,25,9,10,IO,29
14,25,9,11,CPU,3
14,25,9,12,IO,21
14,25,9,13,CPU,3
15,26,4,1,CPU,2
15,26,4,2,IO,24
15,26,4,3,CPU,5
15,26,4,4,IO,10
15,26,4,5,CPU,5
15,26,4,6,IO,14
15,26,4,7,CPU,4
15,26,4,8,IO,17
15,26,4,9,CPU,3
16,29,3,1,CPU,5
16,29,3,2,IO,10
16,29,3,3,CPU,3
16,29,3,4,IO,19
16,29,3,5,CPU,3
16,29,3,6,IO,29
16,29,3,7,CPU,3
16,29,3,8,IO,27
16,29,3,9,CPU,2
16,29,3,10,IO,11
16,29,3,11,CPU,2
17,32,5,1,CPU,2
17,32,5,2,IO,16
17,32,5,3,CPU,5
17,32,5,4,IO,17
17,32,5,5,CPU,3
17,32,5,6,IO,15
17,32,5,7,CPU,1
17,32,5,8,IO,27
17,32,5,9,CPU,5
18,34,9,1,CPU,3
18,34,9,2,IO,21
18,34,9,3,CPU,2
18,34,9,4,IO,12
18,34,9,5,CPU,1
18,34,9,6,IO,28
18,34,9,7,CPU,4
18,34,9,8,IO,18
18,34,9,9,CPU,1
18,34,9,10,IO,14
18,34,9,11,CPU,2
19,35,2,1,CPU,3
19,35,2,2,IO,19
19,35,2,3,CPU,3
19,35,2,4,IO,19
19,35,2,5,CPU,5
19,35,2,6,IO,22
19,35,2,7,CPU,4
19,35,2,8,IO,17
19,35,2,9,CPU,2
20,37,9,1,CPU,1
20,37,9,2,IO,29
20,37,9,3,CPU,3
20,37,9,4,IO,12
20,37,9,5,CPU,2
20,37,9,6,IO,12
20,37,9,7,CPU,5
20,37,9,8,IO,14
20,37,9,9,CPU,5
20,37,9,10,IO,13
20,37,9,11,CPU,5
20,37,9,12,IO,24
20,37,9,13,CPU,3
21,37,8,1,CPU,5
21,37,8,2,IO,15
21,37,8,3,CPU,5
21,37,8,4,IO,27
21,37,8,5,CPU,5
21,37,8,6,IO,23
21,37,8,7,CPU,3
21,37,8,8,IO,10
21,37,8,9,CPU,3
22,39,7,1,CPU,2
22,39,7,2,IO,18
22,39,7,3,CPU,2
22,39,7,4,IO,14
22,39,7,5,CPU,2
22,39,7,6,IO,20
22,39,7,7,CPU,5
22,39,7,8,IO,15
22,39,7,9,CPU,2
22,39,7,10,IO,22
22,39,7,11,CPU,2
22,39,7,12,IO,25
22,39,7,13,CPU,3
23,40,4,1,CPU,2
23,40,4,2,IO,19
23,40,4,3,CPU,4
23,40,4,4,IO,24
23,40,4,5,CPU,2
23,40,4,6,IO,28
23,40,4,7,CPU,1
23,40,4,8,IO,21
23,40,4,9,CPU,4
23,40,4,10,IO,28
23,40,4,11,CPU,1
23,40,4,12,IO,27
23,40,4,13,CPU,4
24,41,6,1,CPU,4
24,41,6,2,IO,22
24,41,6,3,CPU,4
24,41,6,4,IO,27
24,41,6,5,CPU,3
24,41,6,6,IO,20
24,41,6,7,CPU,2
24,41,6,8,IO,27
24,41,6,9,CPU,5
24,41,6,10,IO,28
24,41,6,11,CPU,4
24,41,6,12,IO,26
24,41,6,13,CPU,3
25,42,7,1,CPU,3
25,42,7,2,IO,15
25,42,7,3,CPU,5
25,42,7,4,IO,28
25,42,7,5,CPU,4
25,42,7,6,IO,14
25,42,7,7,CPU,4
25,42,7,8,IO,22
25,42,7,9,CPU,2
25,42,7,10,IO,15
25,42,7,11,CPU,4
25,42,7,12,IO,26
25,42,7,13,CPU,4
25,42,7,14,IO,14
25,42,7,15,CPU,4
26,44,3,1,CPU,4
26,44,3,2,IO,25
26,44,3,3,CPU,4
26,44,3,4,IO,15
26,44,3,5,CPU,2
26,44,3,6,IO,20
26,44,3,7,CPU,1
26,44,3,8,IO,11
26,44,3,9,CPU,5
27,46,1,1,CPU,3
27,46,1,2,IO,20
27,46,1,3,CPU,1
27,46,1,4,IO,27
27,46,1,5,CPU,1
27,46,1,6,IO,15
27,46,1,7,CPU,2
27,46,1,8,IO,10
27,46,1,9,CPU,5
27,46,1,10,IO,14
27,46,1,11,CPU,3
27,46,1,12,IO,25
27,46,1,13,CPU,4
27,46,1,14,IO,18
27,46,1,15,CPU,3
28,48,7,1,CPU,1
28,48,7,2,IO,18
28,48,7,3,CPU,4
28,48,7,4,IO,18
28,48,7,5,CPU,1
28,48,7,6,IO,10
28,48,7,7,CPU,1
28,48,7,8,IO,16
28,48,7,9,CPU,5
29,51,6,1,CPU,4
29,51,6,2,IO,15
29,51,6,3,CPU,4
29,51,6,4,IO,12
29,51,6,5,CPU,1
29,51,6,6,IO,16
29,51,6,7,CPU,4
29,51,6,8,IO,25
29,51,6,9,CPU,1
29,51,6,10,IO,13
29,51,6,11,CPU,4
29,51,6,12,IO,24
29,51,6,13,CPU,5
29,51,6,14,IO,21
29,51,6,15,CPU,4
30,52,7,1,CPU,2
30,52,7,2,IO,30
30,52,7,3,CPU,3
30,52,7,4,IO,17
30,52,7,5,CPU,3
30,52,7,6,IO,26
30,52,7,7,CPU,3
30,52,7,8,IO,10
30,52,7,9,CPU,3
31,54,5,1,CPU,1
31,54,5,2,IO,23
31,54,5,3,CPU,2
31,54,5,4,IO,13
31,54,5,5,CPU,2
31,54,5,6,IO,11
31,54,5,7,CPU,5
31,54,5,8,IO,28
31,54,5,9,CPU,1
31,54,5,10,IO,28
31,54,5,11,CPU,1
31,54,5,12,IO,20
31,54,5,13,CPU,1
32,54,7,1,CPU,1
32,54,7,2,IO,15
32,54,7,3,CPU,1
32,54,7,4,IO,14
32,54,7,5,CPU,3
32,54,7,6,IO,22
32,54,7,7,CPU,5
32,54,7,8,IO,25
32,54,7,9,CPU,2
33,55,4,1,CPU,5
33,55,4,2,IO,27
33,55,4,3,CPU,5
33,55,4,4,IO,11
33,55,4,5,CPU,1
33,55,4,6,IO,30
33,55,4,7,CPU,1
33,55,4,8,IO,22
33,55,4,9,CPU,1
33,55,4,10,IO,18
33,55,4,11,CPU,1
33,55,4,12,IO,13
33,55,4,13,CPU,2
34,56,2,1,CPU,4
34,56,2,2,IO,19
34,56,2,3,CPU,4
34,56,2,4,IO,12
34,56,2,5,CPU,2
34,56,2,6,IO,25
34,56,2,7,CPU,1
34,56,2,8,IO,11
34,56,2,9,CPU,1
34,56,2,10,IO,12
34,56,2,11,CPU,1
34,56,2,12,IO,16
34,56,2,13,CPU,2
34,56,2,14,IO,21
34,56,2,15,CPU,3
35,57,8,1,CPU,5
35,57,8,2,IO,21
35,57,8,3,CPU,1
35,57,8,4,IO,20
35,57,8,5,CPU,3
35,57,8,6,IO,27
35,57,8,7,CPU,5
35,57,8,8,IO,22
35,57,8,9,CPU,4
36,58,0,1,CPU,1
36,58,0,2,IO,15
36,58,0,3,CPU,5
36,58,0,4,IO,24
36,58,0,5,CPU,3
36,58,0,6,IO,25
36,58,0,7,CPU,2
36,58,0,8,IO,28
36,58,0,9,CPU,2
36,58,0,10,IO,16
36,58,0,11,CPU,4
36,58,0,12,IO,23
36,58,0,13,CPU,2
36,58,0,14,IO,22
36,58,0,15,CPU,3
37,59,7,1,CPU,4
37,59,7,2,IO,26
37,59,7,3,CPU,5
37,59,7,4,IO,27
37,59,7,5,CPU,1
37,59,7,6,IO,20
37,59,7,7,CPU,5
37,59,7,8,IO,23
37,59,7,9,CPU,1
37,59,7,10,IO,15
37,59,7,11,CPU,5
37,59,7,12,IO,21
37,59,7,13,CPU,4
38,59,8,1,CPU,5
38,59,8,2,IO,12
38,59,8,3,CPU,2
38,59,8,4,IO,17
38,59,8,5,CPU,1
38,59,8,6,IO,11
38,59,8,7,CPU,4
38,59,8,8,IO,14
38,59,8,9,CPU,1
38,59,8,10,IO,25
38,59,8,11,CPU,4
39,59,4,1,CPU,5
39,59,4,2,IO,11
39,59,4,3,CPU,3
39,59,4,4,IO,14
39,59,4,5,CPU,2
39,59,4,6,IO,22
39,59,4,7,CPU,3
39,59,4,8,IO,16
39,59,4,9,CPU,3
39,59,4,10,IO,14
39,59,4,11,CPU,5
39,59,4,12,IO,21
39,59,4,13,CPU,5
39,59,4,14,IO,25
39,59,4,15,CPU,1
40,62,1,1,CPU,3
40,62,1,2,IO,15
40,62,1,3,CPU,4
40,62,1,4,IO,16
40,62,1,5,CPU,4
40,62,1,6,IO,26
40,62,1,7,CPU,5
40,62,1,8,IO,21
40,62,1,9,CPU,4
40,62,1,10,IO,17
40,62,1,11,CPU,4
40,62,1,12,IO,14
40,62,1,13,CPU,5
40,62,1,14,IO,28
40,62,1,15,CPU,5
41,65,6,1,CPU,4
41,65,6,2,IO,23
41,65,6,3,CPU,3
41,65,6,4,IO,13
41,65,6,5,CPU,3
41,65,6,6,IO,13
41,65,6,7,CPU,3
41,65,6,8,IO,13
41,65,6,9,CPU,4
41,65,6,10,IO,26
41,65,6,11,CPU,4
41,65,6,12,IO,19
41,65,6,13,CPU,5
41,65,6,14,IO,18
41,65,6,15,CPU,4
42,67,9,1,CPU,5
42,67,9,2,IO,20
42,67,9,3,CPU,5
42,67,9,4,IO,13
42,67,9,5,CPU,4
42,67,9,6,IO,13
42,67,9,7,CPU,3
42,67,9,8,IO,22
42,67,9,9,CPU,4
42,67,9,10,IO,30
42,67,9,11,CPU,2
42,67,9,12,IO,21
42,67,9,13,CPU,5
43,68,1,1,CPU,1
43,68,1,2,IO,27
43,68,1,3,CPU,4
43,68,1,4,IO,30
43,68,1,5,CPU,2
43,68,1,6,IO,16
43,68,1,7,CPU,5
43,68,1,8,IO,16
43,68,1,9,CPU,2
43,68,1,10,IO,21
43,68,1,11,CPU,2
44,71,1,1,CPU,3
44,71,1,2,IO,20
44,71,1,3,CPU,2
44,71,1,4,IO,10
44,71,1,5,CPU,1
44,71,1,6,IO,13
44,71,1,7,CPU,2
44,71,1,8,IO,26
44,71,1,9,CPU,4
44,71,1,10,IO,12
44,71,1,11,CPU,5
45,71,6,1,CPU,2
45,71,6,2,IO,19
45,71,6,3,CPU,3
45,71,6,4,IO,17
45,71,6,5,CPU,3
45,71,6,6,IO,15
45,71,6,7,CPU,4
45,71,6,8,IO,25
45,71,6,9,CPU,3
46,72,0,1,CPU,4
46,72,0,2,IO,10
46,72,0,3,CPU,3
46,72,0,4,IO,28
46,72,0,5,CPU,4
46,72,0,6,IO,13
46,72,0,7,CPU,3
46,72,0,8,IO,18
46,72,0,9,CPU,4
46,72,0,10,IO,30
46,72,0,11,CPU,4
46,72,0,12,IO,11
46,72,0,13,CPU,1
47,75,5,1,CPU,5
47,75,5,2,IO,28
47,75,5,3,CPU,2
47,75,5,4,IO,13
47,75,5,5,CPU,4
47,75,5,6,IO,28
47,75,5,7,CPU,4
47,75,5,8,IO,25
47,75,5,9,CPU,1
47,75,5,10,IO,16
47,75,5,11,CPU,5
48,77,7,1,CPU,4
48,77,7,2,IO,25
48,77,7,3,CPU,4
48,77,7,4,IO,14
48,77,7,5,CPU,2
48,77,7,6,IO,21
48,77,7,7,CPU,4
48,77,7,8,IO,26
48,77,7,9,CPU,2
49,79,4,1,CPU,5
49,79,4,2,IO,14
49,79,4,3,CPU,3
49,79,4,4,IO,23
49,79,4,5,CPU,3
49,79,4,6,IO,20
49,79,4,7,CPU,5
49,79,4,8,IO,16
49,79,4,9,CPU,3
49,79,4,10,IO,18
49,79,4,11,CPU,3
49,79,4,12,IO,11
49,79,4,13,CPU,4
49,79,4,14,IO,24
49,79,4,15,CPU,5
50,80,9,1,CPU,4
50,80,9,2,IO,27
50,80,9,3,CPU,2
50,80,9,4,IO,27
50,80,9,5,CPU,1
50,80,9,6,IO,30
50,80,9,7,CPU,5
50,80,9,8,IO,15
50,80,9,9,CPU,2
50,80,9,10,IO,24
50,80,9,11,CPU,5
50,80,9,12,IO,18
50,80,9,13,CPU,1
51,81,2,1,CPU,1
51,81,2,2,IO,25
51,81,2,3,CPU,3
51,81,2,4,IO,24
51,81,2,5,CPU,4
51,81,2,6,IO,16
51,81,2,7,CPU,4
51,81,2,8,IO,11
51,81,2,9,CPU,2
51,81,2,10,IO,12
51,81,2,11,CPU,1
51,81,2,12,IO,30
51,81,2,13,CPU,5
52,84,9,1,CPU,4
52,84,9,2,IO,24
52,84,9,3,CPU,4
52,84,9,4,IO,28
52,84,9,5,CPU,3
52,84,9,6,IO,20
52,84,9,7,CPU,2
52,84,9,8,IO,28
52,84,9,9,CPU,1
52,84,9,10,IO,10
52,84,9,11,CPU,5
52,84,9,12,IO,22
52,84,9,13,CPU,3
53,85,3,1,CPU,1
53,85,3,2,IO,10
53,85,3,3,CPU,5
53,85,3,4,IO,16
53,85,3,5,CPU,4
53,85,3,6,IO,20
53,85,3,7,CPU,1
53,85,3,8,IO,24
53,85,3,9,CPU,5
53,85,3,10,IO,27
53,85,3,11,CPU,1
53,85,3,12,IO,24
53,85,3,13,CPU,2
53,85,3,14,IO,28
53,85,3,15,CPU,4
54,86,3,1,CPU,2
54,86,3,2,IO,23
54,86,3,3,CPU,1
54,86,3,4,IO,11
54,86,3,5,CPU,1
54,86,3,6,IO,23
54,86,3,7,CPU,3
54,86,3,8,IO,19
54,86,3,9,CPU,1
55,89,0,1,CPU,3
55,89,0,2,IO,16
55,89,0,3,CPU,2
55,89,0,4,IO,28
55,89,0,5,CPU,1
55,89,0,6,IO,25
55,89,0,7,CPU,1
55,89,0,8,IO,20
55,89,0,9,CPU,1
55,89,0,10,IO,13
55,89,0,11,CPU,4
55,89,0,12,IO,27
55,89,0,13,CPU,4
55,89,0,14,IO,21
55,89,0,15,CPU,2
56,91,9,1,CPU,2
56,91,9,2,IO,15
56,91,9,3,CPU,3
56,91,9,4,IO,18
56,91,9,5,CPU,2
56,91,9,6,IO,29
56,91,9,7,CPU,3
56,91,9,8,IO,25
56,91,9,9,CPU,4
56,91,9,10,IO,21
56,91,9,11,CPU,4
57,92,6,1,CPU,2
57,92,6,2,IO,15
57,92,6,3,CPU,4
57,92,6,4,IO,23
57,92,6,5,CPU,3
57,92,6,6,IO,12
57,92,6,7,CPU,2
57,92,6,8,IO,22
57,92,6,9,CPU,5
57,92,6,10,IO,23
57,92,6,11,CPU,1
58,94,8,1,CPU,2
58,94,8,2,IO,18
58,94,8,3,CPU,2
58,94,8,4,IO,13
58,94,8,5,CPU,3
58,94,8,6,IO,26
58,94,8,7,CPU,1
58,94,8,8,IO,17
58,94,8,9,CPU,3
59,94,1,1,CPU,4
59,94,1,2,IO,11
59,94,1,3,CPU,5
59,94,1,4,IO,12
59,94,1,5,CPU,4
59,94,1,6,IO,24
59,94,1,7,CPU,3
59,94,1,8,IO,30
59,94,1,9,CPU,1
59,94,1,10,IO,14
59,94,1,11,CPU,4
60,95,8,1,CPU,1
60,95,8,2,IO,12
60,95,8,3,CPU,1
60,95,8,4,IO,16
60,95,8,5,CPU,1
60,95,8,6,IO,15
60,95,8,7,CPU,3
60,95,8,8,IO,11
60,95,8,9,CPU,4
60,95,8,10,IO,21
60,95,8,11,CPU,5
61,98,1,1,CPU,2
61,98,1,2,IO,16
61,98,1,3,CPU,5
61,98,1,4,IO,21
61,98,1,5,CPU,1
61,98,1,6,IO,26
61,98,1,7,CPU,4
61,98,1,8,IO,16
61,98,1,9,CPU,5
61,98,1,10,IO,27
61,98,1,11,CPU,5
62,100,0,1,CPU,1
62,100,0,2,IO,30
62,100,0,3,CPU,1
62,100,0,4,IO,23
62,100,0,5,CPU,2
62,100,0,6,IO,21
62,100,0,7,CPU,2
62,100,0,8,IO,29
62,100,0,9,CPU,3
62,100,0,10,IO,26
62,100,0,11,CPU,4
62,100,0,12,IO,28
62,100,0,13,CPU,1
63,101,2,1,CPU,1
63,101,2,2,IO,27
63,101,2,3,CPU,5
63,101,2,4,IO,21
63,101,2,5,CPU,3
63,101,2,6,IO,25
63,101,2,7,CPU,2
63,101,2,8,IO,10
63,101,2,9,CPU,5
63,101,2,10,IO,13
63,101,2,11,CPU,4
64,101,9,1,CPU,4
64,101,9,2,IO,23
64,101,9,3,CPU,2
64,101,9,4,IO,27
64,101,9,5,CPU,4
64,101,9,6,IO,16
64,101,9,7,CPU,5
64,101,9,8,IO,24
64,101,9,9,CPU,1
64,101,9,10,IO,25
64,101,9,11,CPU,5
64,101,9,12,IO,13
64,101,9,13,CPU,4
65,102,4,1,CPU,1
65,102,4,2,IO,19
65,102,4,3,CPU,5
65,102,4,4,IO,30
65,102,4,5,CPU,1
65,102,4,6,IO,18
65,102,4,7,CPU,1
65,102,4,8,IO,28
65,102,4,9,CPU,3
65,102,4,10,IO,14
65,102,4,11,CPU,5
66,103,2,1,CPU,5
66,103,2,2,IO,30
66,103,2,3,CPU,1
66,103,2,4,IO,21
66,103,2,5,CPU,5
66,103,2,6,IO,27
66,103,2,7,CPU,3
66,103,2,8,IO,27
66,103,2,9,CPU,5
66,103,2,10,IO,30
66,103,2,11,CPU,2
67,104,6,1,CPU,4
67,104,6,2,IO,15
67,104,6,3,CPU,1
67,104,6,4,IO,13
67,104,6,5,CPU,1
67,104,6,6,IO,15
67,104,6,7,CPU,1
67,104,6,8,IO,15
67,104,6,9,CPU,5
68,105,6,1,CPU,2
68,105,6,2,IO,13
68,105,6,3,CPU,1
68,105,6,4,IO,15
68,105,6,5,CPU,2
68,105,6,6,IO,30
68,105,6,7,CPU,5
68,105,6,8,IO,30
68,105,6,9,CPU,1
68,105,6,10,IO,12
68,105,6,11,CPU,2
68,105,6,12,IO,22
68,105,6,13,CPU,1
68,105,6,14,IO,30
68,105,6,15,CPU,5
69,106,0,1,CPU,4
69,106,0,2,IO,26
69,106,0,3,CPU,1
69,106,0,4,IO,15
69,106,0,5,CPU,5
69,106,0,6,IO,24
69,106,0,7,CPU,4
69,106,0,8,IO,10
69,106,0,9,CPU,4
70,107,3,1,CPU,5
70,107,3,2,IO,12
70,107,3,3,CPU,2
70,107,3,4,IO,20
70,107,3,5,CPU,5
70,107,3,6,IO,12
70,107,3,7,CPU,4
70,107,3,8,IO,13
70,107,3,9,CPU,5
70,107,3,10,IO,16
70,107,3,11,CPU,4
70,107,3,12,IO,18
70,107,3,13,CPU,2
71,109,8,1,CPU,1
71,109,8,2,IO,23
71,109,8,3,CPU,2
71,109,8,4,IO,20
71,109,8,5,CPU,4
71,109,8,6,IO,12
71,109,8,7,CPU,3
71,109,8,8,IO,17
71,109,8,9,CPU,5
72,110,4,1,CPU,2
72,110,4,2,IO,26
72,110,4,3,CPU,2
72,110,4,4,IO,25
72,110,4,5,CPU,4
72,110,4,6,IO,26
72,110,4,7,CPU,1
72,110,4,8,IO,16
72,110,4,9,CPU,3
72,110,4,10,IO,28
72,110,4,11,CPU,5
72,110,4,12,IO,29
72,110,4,13,CPU,2
72,110,4,14,IO,16
72,110,4,15,CPU,2
73,113,3,1,CPU,5
73,113,3,2,IO,22
73,113,3,3,CPU,3
73,113,3,4,IO,18
73,113,3,5,CPU,4
73,113,3,6,IO,25
73,113,3,7,CPU,5
73,113,3,8,IO,21
73,113,3,9,CPU,2
73,113,3,10,IO,12
73,113,3,11,CPU,4
73,113,3,12,IO,22
73,113,3,13,CPU,4
74,113,2,1,CPU,4
74,113,2,2,IO,25
74,113,2,3,CPU,5
74,113,2,4,IO,13
74,113,2,5,CPU,2
74,113,2,6,IO,25
74,113,2,7,CPU,4
74,113,2,8,IO,26
74,113,2,9,CPU,3
74,113,2,10,IO,26
74,113,2,11,CPU,3
74,113,2,12,IO,22
74,113,2,13,CPU,1
75,113,1,1,CPU,4
75,113,1,2,IO,13
75,113,1,3,CPU,4
75,113,1,4,IO,22
75,113,1,5,CPU,4
75,113,1,6,IO,26
75,113,1,7,CPU,4
75,113,1,8,IO,28
75,113,1,9,CPU,4
75,113,1,10,IO,30
75,113,1,11,CPU,4
75,113,1,12,IO,17
75,113,1,13,CPU,2
75,113,1,14,IO,22
75,113,1,15,CPU,1
76,116,2,1,CPU,4
76,116,2,2,IO,23
76,116,2,3,CPU,4
76,116,2,4,IO,15
76,116,2,5,CPU,2
76,116,2,6,IO,26
76,116,2,7,CPU,5
76,116,2,8,IO,26
76,116,2,9,CPU,3
76,116,2,10,IO,21
76,116,2,11,CPU,1
76,116,2,12,IO,13
76,116,2,13,CPU,2
77,117,2,1,CPU,4
77,117,2,2,IO,11
77,117,2,3,CPU,2
77,117,2,4,IO,28
77,117,2,5,CPU,1
77,117,2,6,IO,20
77,117,2,7,CPU,3
77,117,2,8,IO,28
77,117,2,9,CPU,1
77,117,2,10,IO,23
77,117,2,11,CPU,4
77,117,2,12,IO,22
77,117,2,13,CPU,3
78,119,4,1,CPU,4
78,119,4,2,IO,28
78,119,4,3,CPU,4
78,119,4,4,IO,28
78,119,4,5,CPU,3
78,119,4,6,IO,23
78,119,4,7,CPU,5
78,119,4,8,IO,25
78,119,4,9,CPU,4
78,119,4,10,IO,10
78,119,4,11,CPU,3
79,121,8,1,CPU,5
79,121,8,2,IO,10
79,121,8,3,CPU,2
79,121,8,4,IO,29
79,121,8,5,CPU,5
79,121,8,6,IO,28
79,121,8,7,CPU,5
79,121,8,8,IO,26
79,121,8,9,CPU,4
80,123,1,1,CPU,2
80,123,1,2,IO,21
80,123,1,3,CPU,2
80,123,1,4,IO,30
80,123,1,5,CPU,4
80,123,1,6,IO,18
80,123,1,7,CPU,3
80,123,1,8,IO,17
80,123,1,9,CPU,3
80,123,1,10,IO,29
80,123,1,11,CPU,4
81,126,7,1,CPU,2
81,126,7,2,IO,29
81,126,7,3,CPU,2
81,126,7,4,IO,16
81,126,7,5,CPU,2
81,126,7,6,IO,10
81,126,7,7,CPU,3
81,126,7,8,IO,25
81,126,7,9,CPU,3
81,126,7,10,IO,15
81,126,7,11,CPU,4
81,126,7,12,IO,18
81,126,7,13,CPU,3
81,126,7,14,IO,27
81,126,7,15,CPU,2
82,127,4,1,CPU,1
82,127,4,2,IO,17
82,127,4,3,CPU,3
82,127,4,4,IO,17
82,127,4,5,CPU,3
82,127,4,6,IO,30
82,127,4,7,CPU,5
82,127,4,8,IO,30
82,127,4,9,CPU,2
82,127,4,10,IO,18
82,127,4,11,CPU,2
82,127,4,12,IO,24
82,127,4,13,CPU,3
82,127,4,14,IO,27
82,127,4,15,CPU,5
83,130,2,1,CPU,5
83,130,2,2,IO,29
83,130,2,3,CPU,3
83,130,2,4,IO,16
83,130,2,5,CPU,1
83,130,2,6,IO,29
83,130,2,7,CPU,1
83,130,2,8,IO,10
83,130,2,9,CPU,2
84,133,3,1,CPU,5
84,133,3,2,IO,12
84,133,3,3,CPU,5
84,133,3,4,IO,13
84,133,3,5,CPU,3
84,133,3,6,IO,11
84,133,3,7,CPU,4
84,133,3,8,IO,26
84,133,3,9,CPU,3
84,133,3,10,IO,26
84,133,3,11,CPU,5
84,133,3,12,IO,22
84,133,3,13,CPU,3
85,133,6,1,CPU,1
85,133,6,2,IO,27
85,133,6,3,CPU,2
85,133,6,4,IO,10
85,133,6,5,CPU,2
85,133,6,6,IO,11
85,133,6,7,CPU,3
85,133,6,8,IO,29
85,133,6,9,CPU,5
85,133,6,10,IO,15
85,133,6,11,CPU,4
85,133,6,12,IO,24
85,133,6,13,CPU,1
85,133,6,14,IO,23
85,133,6,15,CPU,2
86,136,2,1,CPU,4
86,136,2,2,IO,11
86,136,2,3,CPU,4
86,136,2,4,IO,23
86,136,2,5,CPU,2
86,136,2,6,IO,28
86,136,2,7,CPU,1
86,136,2,8,IO,28
86,136,2,9,CPU,3
86,136,2,10,IO,17
86,136,2,11,CPU,2
86,136,2,12,IO,13
86,136,2,13,CPU,3
87,137,6,1,CPU,4
87,137,6,2,IO,22
87,137,6,3,CPU,4
87,137,6,4,IO,17
87,137,6,5,CPU,4
87,137,6,6,IO,26
87,137,6,7,CPU,2
87,137,6,8,IO,26
87,137,6,9,CPU,1
88,138,3,1,CPU,4
88,138,3,2,IO,28
88,138,3,3,CPU,3
88,138,3,4,IO,16
88,138,3,5,CPU,1
88,138,3,6,IO,19
88,138,3,7,CPU,2
88,138,3,8,IO,30
88,138,3,9,CPU,3
88,138,3,10,IO,14
88,138,3,11,CPU,4
88,138,3,12,IO,16
88,138,3,13,CPU,1
89,138,0,1,CPU,1
89,138,0,2,IO,14
89,138,0,3,CPU,1
89,138,0,4,IO,14
89,138,0,5,CPU,4
89,138,0,6,IO,14
89,138,0,7,CPU,4
89,138,0,8,IO,24
89,138,0,9,CPU,2
89,138,0,10,IO,21
89,138,0,11,CPU,1
89,138,0,12,IO,27
89,138,0,13,CPU,1
89,138,0,14,IO,13
89,138,0,15,CPU,2
90,139,0,1,CPU,4
90,139,0,2,IO,26
90,139,0,3,CPU,4
90,139,0,4,IO,20
90,139,0,5,CPU,4
90,139,0,6,IO,13
90,139,0,7,CPU,4
90,139,0,8,IO,14
90,139,0,9,CPU,2
91,140,3,1,CPU,3
91,140,3,2,IO,21
91,140,3,3,CPU,5
91,140,3,4,IO,30
91,140,3,5,CPU,2
91,140,3,6,IO,18
91,140,3,7,CPU,4
91,140,3,8,IO,22
91,140,3,9,CPU,2
91,140,3,10,IO,27
91,140,3,11,CPU,5
91,140,3,12,IO,18
91,140,3,13,CPU,4
92,142,7,1,CPU,2
92,142,7,2,IO,25
92,142,7,3,CPU,5
92,142,7,4,IO,18
92,142,7,5,CPU,1
92,142,7,6,IO,29
92,142,7,7,CPU,2
92,142,7,8,IO,13
92,142,7,9,CPU,2
92,142,7,10,IO,29
92,142,7,11,CPU,4
93,143,7,1,CPU,4
93,143,7,2,IO,30
93,143,7,3,CPU,4
93,143,7,4,IO,30
93,143,7,5,CPU,5
93,143,7,6,IO,29
93,143,7,7,CPU,5
93,143,7,8,IO,19
93,143,7,9,CPU,3
93,143,7,10,IO,11
93,143,7,11,CPU,2
93,143,7,12,IO,26
93,143,7,13,CPU,5
93,143,7,14,IO,19
93,143,7,15,CPU,2
94,145,3,1,CPU,2
94,145,3,2,IO,22
94,145,3,3,CPU,4
94,145,3,4,IO,17
94,145,3,5,CPU,4
94,145,3,6,IO,17
94,145,3,7,CPU,4
94,145,3,8,IO,16
94,145,3,9,CPU,2
94,145,3,10,IO,11
94,145,3,11,CPU,5
94,145,3,12,IO,19
94,145,3,13,CPU,5
94,145,3,14,IO,11
94,145,3,15,CPU,4
95,145,7,1,CPU,3
95,145,7,2,IO,12
95,145,7,3,CPU,4
95,145,7,4,IO,10
95,145,7,5,CPU,3
95,145,7,6,IO,19
95,145,7,7,CPU,1
95,145,7,8,IO,17
95,145,7,9,CPU,4
96,146,7,1,CPU,3
96,146,7,2,IO,14
96,146,7,3,CPU,3
96,146,7,4,IO,11
96,146,7,5,CPU,2
96,146,7,6,IO,15
96,146,7,7,CPU,2
96,146,7,8,IO,22
96,146,7,9,CPU,5
97,146,2,1,CPU,2
97,146,2,2,IO,21
97,146,2,3,CPU,3
97,146,2,4,IO,14
97,146,2,5,CPU,3
97,146,2,6,IO,29
97,146,2,7,CPU,1
97,146,2,8,IO,11
97,146,2,9,CPU,5
97,146,2,10,IO,29
97,146,2,11,CPU,4
97,146,2,12,IO,26
97,146,2,13,CPU,2
98,146,5,1,CPU,4
98,146,5,2,IO,29
98,146,5,3,CPU,5
98,146,5,4,IO,30
98,146,5,5,CPU,4
98,146,5,6,IO,16
98,146,5,7,CPU,3
98,146,5,8,IO,27
98,146,5,9,CPU,3
99,148,0,1,CPU,4
99,148,0,2,IO,23
99,148,0,3,CPU,3
99,148,0,4,IO,11
99,148,0,5,CPU,4
99,148,0,6,IO,17
99,148,0,7,CPU,2
99,148,0,8,IO,13
99,148,0,9,CPU,2
99,148,0,10,IO,28
99,148,0,11,CPU,2
99,148,0,12,IO,26
99,148,0,13,CPU,5
99,148,0,14,IO,24
99,148,0,15,CPU,2
100,151,1,1,CPU,2
100,151,1,2,IO,11
100,151,1,3,CPU,1
100,151,1,4,IO,17
100,151,1,5,CPU,5
100,151,1,6,IO,12
100,151,1,7,CPU,3
100,151,1,8,IO,10
100,151,1,9,CPU,2
101,154,1,1,CPU,2
101,154,1,2,IO,15
101,154,1,3,CPU,4
101,154,1,4,IO,27
101,154,1,5,CPU,1
101,154,1,6,IO,19
101,154,1,7,CPU,3
101,154,1,8,IO,22
101,154,1,9,CPU,2
101,154,1,10,IO,26
101,154,1,11,CPU,2
101,154,1,12,IO,23
101,154,1,13,CPU,3
101,154,1,14,IO,17
101,154,1,15,CPU,3
102,154,8,1,CPU,2
102,154,8,2,IO,20
102,154,8,3,CPU,3
102,154,8,4,IO,29
102,154,8,5,CPU,4
102,154,8,6,IO,29
102,154,8,7,CPU,4
102,154,8,8,IO,22
102,154,8,9,CPU,5
102,154,8,10,IO,29
102,154,8,11,CPU,3
102,154,8,12,IO,10
102,154,8,13,CPU,2
102,154,8,14,IO,25
102,154,8,15,CPU,4
103,155,0,1,CPU,3
103,155,0,2,IO,15
103,155,0,3,CPU,3
103,155,0,4,IO,21
103,155,0,5,CPU,5
103,155,0,6,IO,18
103,155,0,7,CPU,5
103,155,0,8,IO,11
103,155,0,9,CPU,2
103,155,0,10,IO,30
103,155,0,11,CPU,3
103,155,0,12,IO,18
103,155,0,13,CPU,5
104,156,9,1,CPU,3
104,156,9,2,IO,16
104,156,9,3,CPU,2
104,156,9,4,IO,17
104,156,9,5,CPU,5
104,156,9,6,IO,27
104,156,9,7,CPU,1
104,156,9,8,IO,19
104,156,9,9,CPU,1
104,156,9,10,IO,18
104,156,9,11,CPU,1
104,156,9,12,IO,22
104,156,9,13,CPU,4
104,156,9,14,IO,23
104,156,9,15,CPU,4
105,159,1,1,CPU,1
105,159,1,2,IO,16
105,159,1,3,CPU,5
105,159,1,4,IO,17
105,159,1,5,CPU,5
105,159,1,6,IO,25
105,159,1,7,CPU,4
105,159,1,8,IO,19
105,159,1,9,CPU,4
105,159,1,10,IO,16
105,159,1,11,CPU,4
105,159,1,12,IO,13
105,159,1,13,CPU,2
105,159,1,14,IO,15
105,159,1,15,CPU,3
106,161,3,1,CPU,3
106,161,3,2,IO,12
106,161,3,3,CPU,4
106,161,3,4,IO,26
106,161,3,5,CPU,3
106,161,3,6,IO,19
106,161,3,7,CPU,1
106,161,3,8,IO,14
106,161,3,9,CPU,2
106,161,3,10,IO,10
106,161,3,11,CPU,4
106,161,3,12,IO,15
106,161,3,13,CPU,3
106,161,3,14,IO,23
106,161,3,15,CPU,1
107,163,8,1,CPU,3
107,163,8,2,IO,10
107,163,8,3,CPU,4
107,163,8,4,IO,21
107,163,8,5,CPU,5
107,163,8,6,IO,21
107,163,8,7,CPU,3
107,163,8,8,IO,24
107,163,8,9,CPU,1
107,163,8,10,IO,16
107,163,8,11,CPU,1
108,164,9,1,CPU,3
108,164,9,2,IO,27
108,164,9,3,CPU,5
108,164,9,4,IO,15
108,164,9,5,CPU,1
108,164,9,6,IO,25
108,164,9,7,CPU,5
108,164,9,8,IO,11
108,164,9,9,CPU,3
108,164,9,10,IO,15
108,164,9,11,CPU,2
108,164,9,12,IO,14
108,164,9,13,CPU,4
109,166,8,1,CPU,3
109,166,8,2,IO,15
109,166,8,3,CPU,2
109,166,8,4,IO,23
109,166,8,5,CPU,2
109,166,8,6,IO,10
109,166,8,7,CPU,3
109,166,8,8,IO,24
109,166,8,9,CPU,2
109,166,8,10,IO,30
109,166,8,11,CPU,4
109,166,8,12,IO,27
109,166,8,13,CPU,5
109,166,8,14,IO,10
109,166,8,15,CPU,1
110,166,2,1,CPU,1
110,166,2,2,IO,20
110,166,2,3,CPU,2
110,166,2,4,IO,12
110,166,2,5,CPU,2
110,166,2,6,IO,18
110,166,2,7,CPU,4
110,166,2,8,IO,14
110,166,2,9,CPU,2
110,166,2,10,IO,28
110,166,2,11,CPU,2
111,168,4,1,CPU,3
111,168,4,2,IO,22
111,168,4,3,CPU,5
111,168,4,4,IO,10
111,168,4,5,CPU,2
111,168,4,6,IO,28
111,168,4,7,CPU,4
111,168,4,8,IO,12
111,168,4,9,CPU,1
111,168,4,10,IO,14
111,168,4,11,CPU,3
111,168,4,12,IO,27
111,168,4,13,CPU,2
112,171,2,1,CPU,5
112,171,2,2,IO,16
112,171,2,3,CPU,5
112,171,2,4,IO,10
112,171,2,5,CPU,2
112,171,2,6,IO,22
112,171,2,7,CPU,5
112,171,2,8,IO,10
112,171,2,9,CPU,2
112,171,2,10,IO,21
112,171,2,11,CPU,3
112,171,2,12,IO,10
112,171,2,13,CPU,5
112,171,2,14,IO,26
112,171,2,15,CPU,3
113,172,0,1,CPU,5
113,172,0,2,IO,10
113,172,0,3,CPU,4
113,172,0,4,IO,10
113,172,0,5,CPU,2
113,172,0,6,IO,14
113,172,0,7,CPU,4
113,172,0,8,IO,26
113,172,0,9,CPU,2
113,172,0,10,IO,30
113,172,0,11,CPU,2
114,175,1,1,CPU,5
114,175,1,2,IO,13
114,175,1,3,CPU,5
114,175,1,4,IO,24
114,175,1,5,CPU,4
114,175,1,6,IO,30
114,175,1,7,CPU,4
114,175,1,8,IO,17
114,175,1,9,CPU,5
115,177,1,1,CPU,2
115,177,1,2,IO,21
115,177,1,3,CPU,2
115,177,1,4,IO,24
115,177,1,5,CPU,1
115,177,1,6,IO,22
115,177,1,7,CPU,4
115,177,1,8,IO,23
115,177,1,9,CPU,5
115,177,1,10,IO,17
115,177,1,11,CPU,2
116,180,0,1,CPU,1
116,180,0,2,IO,23
116,180,0,3,CPU,4
116,180,0,4,IO,23
116,180,0,5,CPU,3
116,180,0,6,IO,19
116,180,0,7,CPU,5
116,180,0,8,IO,17
116,180,0,9,CPU,3
116,180,0,10,IO,13
116,180,0,11,CPU,4
116,180,0,12,IO,15
116,180,0,13,CPU,3
117,181,6,1,CPU,5
117,181,6,2,IO,27
117,181,6,3,CPU,3
117,181,6,4,IO,29
117,181,6,5,CPU,1
117,181,6,6,IO,24
117,181,6,7,CPU,2
117,181,6,8,IO,30
117,181,6,9,CPU,3
118,183,0,1,CPU,5
118,183,0,2,IO,15
118,183,0,3,CPU,5
118,183,0,4,IO,13
118,183,0,5,CPU,1
118,183,0,6,IO,28
118,183,0,7,CPU,4
118,183,0,8,IO,20
118,183,0,9,CPU,3
118,183,0,10,IO,23
118,183,0,11,CPU,2
118,183,0,12,IO,13
118,183,0,13,CPU,5
119,183,0,1,CPU,4
119,183,0,2,IO,19
119,183,0,3,CPU,3
119,183,0,4,IO,10
119,183,0,5,CPU,1
119,183,0,6,IO,29
119,183,0,7,CPU,1
119,183,0,8,IO,14
119,183,0,9,CPU,5
119,183,0,10,IO,30
119,183,0,11,CPU,3
119,183,0,12,IO,25
119,183,0,13,CPU,5
120,184,3,1,CPU,2
120,184,3,2,IO,22
120,184,3,3,CPU,5
120,184,3,4,IO,29
120,184,3,5,CPU,3
120,184,3,6,IO,15
120,184,3,7,CPU,5
120,184,3,8,IO,10
120,184,3,9,CPU,2
121,187,8,1,CPU,3
121,187,8,2,IO,26
121,187,8,3,CPU,3
121,187,8,4,IO,25
121,187,8,5,CPU,3
121,187,8,6,IO,30
121,187,8,7,CPU,1
121,187,8,8,IO,20
121,187,8,9,CPU,1
121,187,8,10,IO,28
121,187,8,11,CPU,3
122,189,3,1,CPU,2
122,189,3,2,IO,15
122,189,3,3,CPU,1
122,189,3,4,IO,27
122,189,3,5,CPU,1
122,189,3,6,IO,18
122,189,3,7,CPU,5
122,189,3,8,IO,11
122,189,3,9,CPU,2
122,189,3,10,IO,18
122,189,3,11,CPU,5
122,189,3,12,IO,21
122,189,3,13,CPU,4
122,189,3,14,IO,14
122,189,3,15,CPU,3
123,192,5,1,CPU,1
123,192,5,2,IO,28
123,192,5,3,CPU,4
123,192,5,4,IO,15
123,192,5,5,CPU,2
123,192,5,6,IO,16
123,192,5,7,CPU,4
123,192,5,8,IO,11
123,192,5,9,CPU,5
124,193,4,1,CPU,2
124,193,4,2,IO,24
124,193,4,3,CPU,4
124,193,4,4,IO,25
124,193,4,5,CPU,2
124,193,4,6,IO,24
124,193,4,7,CPU,1
124,193,4,8,IO,15
124,193,4,9,CPU,2
125,193,3,1,CPU,5
125,193,3,2,IO,17
125,193,3,3,CPU,5
125,193,3,4,IO,13
125,193,3,5,CPU,1
125,193,3,6,IO,14
125,193,3,7,CPU,5
125,193,3,8,IO,10
125,193,3,9,CPU,1
126,196,3,1,CPU,1
126,196,3,2,IO,23
126,196,3,3,CPU,1
126,196,3,4,IO,13
126,196,3,5,CPU,3
126,196,3,6,IO,24
126,196,3,7,CPU,2
126,196,3,8,IO,16
126,196,3,9,CPU,1
126,196,3,10,IO,11
126,196,3,11,CPU,1
127,197,8,1,CPU,4
127,197,8,2,IO,29
127,197,8,3,CPU,4
127,197,8,4,IO,20
127,197,8,5,CPU,2
127,197,8,6,IO,20
127,197,8,7,CPU,4
127,197,8,8,IO,21
127,197,8,9,CPU,5
127,197,8,10,IO,23
127,197,8,11,CPU,3
127,197,8,12,IO,14
127,197,8,13,CPU,5
128,197,5,1,CPU,2
128,197,5,2,IO,16
128,197,5,3,CPU,3
128,197,5,4,IO,23
128,197,5,5,CPU,2
128,197,5,6,IO,22
128,197,5,7,CPU,2
128,197,5,8,IO,24
128,197,5,9,CPU,1
129,199,3,1,CPU,1
129,199,3,2,IO,25
129,199,3,3,CPU,1
129,199,3,4,IO,12
129,199,3,5,CPU,1
129,199,3,6,IO,17
129,199,3,7,CPU,3
129,199,3,8,IO,29
129,199,3,9,CPU,1
130,201,4,1,CPU,5
130,201,4,2,IO,10
130,201,4,3,CPU,2
130,201,4,4,IO,25
130,201,4,5,CPU,3
130,201,4,6,IO,20
130,201,4,7,CPU,3
130,201,4,8,IO,13
130,201,4,9,CPU,3
130,201,4,10,IO,18
130,201,4,11,CPU,3
130,201,4,12,IO,11
130,201,4,13,CPU,2
130,201,4,14,IO,20
130,201,4,15,CPU,2
131,202,1,1,CPU,1
131,202,1,2,IO,26
131,202,1,3,CPU,5
131,202,1,4,IO,21
131,202,1,5,CPU,4
131,202,1,6,IO,11
131,202,1,7,CPU,4
131,202,1,8,IO,19
131,202,1,9,CPU,2
131,202,1,10,IO,21
131,202,1,11,CPU,1
131,202,1,12,IO,26
131,202,1,13,CPU,1
132,204,2,1,CPU,2
132,204,2,2,IO,13
132,204,2,3,CPU,1
132,204,2,4,IO,15
132,204,2,5,CPU,2
132,204,2,6,IO,14
132,204,2,7,CPU,5
132,204,2,8,IO,27
132,204,2,9,CPU,5
132,204,2,10,IO,16
132,204,2,11,CPU,5
132,204,2,12,IO,27
132,204,2,13,CPU,3
132,204,2,14,IO,29
132,204,2,15,CPU,3
133,205,4,1,CPU,2
133,205,4,2,IO,13
133,205,4,3,CPU,1
133,205,4,4,IO,11
133,205,4,5,CPU,3
133,205,4,6,IO,30
133,205,4,7,CPU,1
133,205,4,8,IO,13
133,205,4,9,CPU,3
133,205,4,10,IO,24
133,205,4,11,CPU,4
133,205,4,12,IO,18
133,205,4,13,CPU,2
133,205,4,14,IO,25
133,205,4,15,CPU,2
134,208,8,1,CPU,3
134,208,8,2,IO,20
134,208,8,3,CPU,1
134,208,8,4,IO,22
134,208,8,5,CPU,4
134,208,8,6,IO,11
134,208,8,7,CPU,1
134,208,8,8,IO,19
134,208,8,9,CPU,3
134,208,8,10,IO,16
134,208,8,11,CPU,4
134,208,8,12,IO,23
134,208,8,13,CPU,2
135,211,7,1,CPU,1
135,211,7,2,IO,14
135,211,7,3,CPU,1
135,211,7,4,IO,10
135,211,7,5,CPU,2
135,211,7,6,IO,18
135,211,7,7,CPU,1
135,211,7,8,IO,26
135,211,7,9,CPU,3
135,211,7,10,IO,24
135,211,7,11,CPU,2
135,211,7,12,IO,25
135,211,7,13,CPU,1
136,211,7,1,CPU,2
136,211,7,2,IO,10
136,211,7,3,CPU,3
136,211,7,4,IO,15
136,211,7,5,CPU,2
136,211,7,6,IO,22
136,211,7,7,CPU,5
136,211,7,8,IO,14
136,211,7,9,CPU,4
136,211,7,10,IO,19
136,211,7,11,CPU,4
136,211,7,12,IO,20
136,211,7,13,CPU,4
137,213,3,1,CPU,5
137,213,3,2,IO,10
137,213,3,3,CPU,2
137,213,3,4,IO,19
137,213,3,5,CPU,1
137,213,3,6,IO,12
137,213,3,7,CPU,5
137,213,3,8,IO,11
137,213,3,9,CPU,1
138,216,4,1,CPU,4
138,216,4,2,IO,25
138,216,4,3,CPU,3
138,216,4,4,IO,27
138,216,4,5,CPU,1
138,216,4,6,IO,22
138,216,4,7,CPU,2
138,216,4,8,IO,10
138,216,4,9,CPU,2
138,216,4,10,IO,12
138,216,4,11,CPU,3
138,216,4,12,IO,20
138,216,4,13,CPU,2
138,216,4,14,IO,10
138,216,4,15,CPU,1
139,219,5,1,CPU,3
139,219,5,2,IO,29
139,219,5,3,CPU,1
139,219,5,4,IO,25
139,219,5,5,CPU,4
139,219,5,6,IO,26
139,219,5,7,CPU,4
139,219,5,8,IO,23
139,219,5,9,CPU,5
139,219,5,10,IO,28
139,219,5,11,CPU,4
139,219,5,12,IO,25
139,219,5,13,CPU,2
139,219,5,14,IO,17
139,219,5,15,CPU,3
140,219,7,1,CPU,4
140,219,7,2,IO,28
140,219,7,3,CPU,3
140,219,7,4,IO,11
140,219,7,5,CPU,4
140,219,7,6,IO,23
140,219,7,7,CPU,5
140,219,7,8,IO,29
140,219,7,9,CPU,5
140,219,7,10,IO,28
140,219,7,11,CPU,3
140,219,7,12,IO,18
140,219,7,13,CPU,1
140,219,7,14,IO,23
140,219,7,15,CPU,5
141,222,2,1,CPU,5
141,222,2,2,IO,15
141,222,2,3,CPU,5
141,222,2,4,IO,23
141,222,2,5,CPU,3
141,222,2,6,IO,26
141,222,2,7,CPU,4
141,222,2,8,IO,12
141,222,2,9,CPU,3
142,225,8,1,CPU,1
142,225,8,2,IO,17
142,225,8,3,CPU,4
142,225,8,4,IO,10
142,225,8,5,CPU,3
142,225,8,6,IO,15
142,225,8,7,CPU,2
142,225,8,8,IO,21
142,225,8,9,CPU,4
142,225,8,10,IO,25
142,225,8,11,CPU,2
142,225,8,12,IO,20
142,225,8,13,CPU,5
142,225,8,14,IO,30
142,225,8,15,CPU,2
143,227,7,1,CPU,3
143,227,7,2,IO,26
143,227,7,3,CPU,5
143,227,7,4,IO,28
143,227,7,5,CPU,2
143,227,7,6,IO,20
143,227,7,7,CPU,2
143,227,7,8,IO,30
143,227,7,9,CPU,2
143,227,7,10,IO,14
143,227,7,11,CPU,5
143,227,7,12,IO,24
143,227,7,13,CPU,3
144,229,3,1,CPU,3
144,229,3,2,IO,22
144,229,3,3,CPU,1
144,229,3,4,IO,24
144,229,3,5,CPU,2
144,229,3,6,IO,16
144,229,3,7,CPU,3
144,229,3,8,IO,26
144,229,3,9,CPU,4
144,229,3,10,IO,27
144,229,3,11,CPU,1
144,229,3,12,IO,21
144,229,3,13,CPU,3
144,229,3,14,IO,30
144,229,3,15,CPU,3
145,231,0,1,CPU,1
145,231,0,2,IO,15
145,231,0,3,CPU,2
145,231,0,4,IO,18
145,231,0,5,CPU,4
145,231,0,6,IO,22
145,231,0,7,CPU,1
145,231,0,8,IO,15
145,231,0,9,CPU,5
145,231,0,10,IO,29
145,231,0,11,CPU,5
146,232,5,1,CPU,3
146,232,5,2,IO,15
146,232,5,3,CPU,2
146,232,5,4,IO,29
146,232,5,5,CPU,2
146,232,5,6,IO,11
146,232,5,7,CPU,2
146,232,5,8,IO,21
146,232,5,9,CPU,3
146,232,5,10,IO,17
146,232,5,11,CPU,5
147,235,4,1,CPU,1
147,235,4,2,IO,20
147,235,4,3,CPU,3
147,235,4,4,IO,11
147,235,4,5,CPU,4
147,235,4,6,IO,17
147,235,4,7,CPU,5
147,235,4,8,IO,19
147,235,4,9,CPU,4
147,235,4,10,IO,15
147,235,4,11,CPU,4
147,235,4,12,IO,16
147,235,4,13,CPU,5
148,237,6,1,CPU,4
148,237,6,2,IO,16
148,237,6,3,CPU,3
148,237,6,4,IO,26
148,237,6,5,CPU,2
148,237,6,6,IO,27
148,237,6,7,CPU,3
148,237,6,8,IO,10
148,237,6,9,CPU,3
149,238,4,1,CPU,4
149,238,4,2,IO,12
149,238,4,3,CPU,4
149,238,4,4,IO,20
149,238,4,5,CPU,2
149,238,4,6,IO,25
149,238,4,7,CPU,3
149,238,4,8,IO,27
149,238,4,9,CPU,5
150,241,6,1,CPU,2
150,241,6,2,IO,14
150,241,6,3,CPU,1
150,241,6,4,IO,26
150,241,6,5,CPU,1
150,241,6,6,IO,23
150,241,6,7,CPU,4
150,241,6,8,IO,30
150,241,6,9,CPU,3
150,241,6,10,IO,14
150,241,6,11,CPU,1
150,241,6,12,IO,18
150,241,6,13,CPU,2
151,241,0,1,CPU,5
151,241,0,2,IO,24
151,241,0,3,CPU,1
151,241,0,4,IO,10
151,241,0,5,CPU,3
151,241,0,6,IO,23
151,241,0,7,CPU,4
151,241,0,8,IO,30
151,241,0,9,CPU,2
151,241,0,10,IO,10
151,241,0,11,CPU,4
151,241,0,12,IO,17
151,241,0,13,CPU,4
151,241,0,14,IO,25
151,241,0,15,CPU,4
152,242,4,1,CPU,2
152,242,4,2,IO,10
152,242,4,3,CPU,2
152,242,4,4,IO,19
152,242,4,5,CPU,5
152,242,4,6,IO,18
152,242,4,7,CPU,5
152,242,4,8,IO,30
152,242,4,9,CPU,5
153,245,9,1,CPU,4
153,245,9,2,IO,19
153,245,9,3,CPU,1
153,245,9,4,IO,11
153,245,9,5,CPU,3
153,245,9,6,IO,22
153,245,9,7,CPU,5
153,245,9,8,IO,19
153,245,9,9,CPU,5
153,245,9,10,IO,25
153,245,9,11,CPU,1
153,245,9,12,IO,21
153,245,9,13,CPU,5
153,245,9,14,IO,13
153,245,9,15,CPU,1
154,248,3,1,CPU,4
154,248,3,2,IO,17
154,248,3,3,CPU,5
154,248,3,4,IO,10
154,248,3,5,CPU,5
154,248,3,6,IO,15
154,248,3,7,CPU,1
154,248,3,8,IO,23
154,248,3,9,CPU,3
154,248,3,10,IO,14
154,248,3,11,CPU,2
154,248,3,12,IO,20
154,248,3,13,CPU,2
155,250,7,1,CPU,5
155,250,7,2,IO,14
155,250,7,3,CPU,4
155,250,7,4,IO,28
155,250,7,5,CPU,2
155,250,7,6,IO,26
155,250,7,7,CPU,3
155,250,7,8,IO,30
155,250,7,9,CPU,5
155,250,7,10,IO,14
155,250,7,11,CPU,1
155,250,7,12,IO,25
155,250,7,13,CPU,1
156,253,6,1,CPU,5
156,253,6,2,IO,18
156,253,6,3,CPU,3
156,253,6,4,IO,12
156,253,6,5,CPU,5
156,253,6,6,IO,10
156,253,6,7,CPU,3
156,253,6,8,IO,13
156,253,6,9,CPU,3
156,253,6,10,IO,13
156,253,6,11,CPU,3
156,253,6,12,IO,23
156,253,6,13,CPU,1
157,254,3,1,CPU,3
157,254,3,2,IO,18
157,254,3,3,CPU,3
157,254,3,4,IO,22
157,254,3,5,CPU,4
157,254,3,6,IO,23
157,254,3,7,CPU,3
157,254,3,8,IO,27
157,254,3,9,CPU,2
157,254,3,10,IO,19
157,254,3,11,CPU,2
157,254,3,12,IO,13
157,254,3,13,CPU,1
158,254,3,1,CPU,1
158,254,3,2,IO,12
158,254,3,3,CPU,1
158,254,3,4,IO,18
158,254,3,5,CPU,4
158,254,3,6,IO,13
158,254,3,7,CPU,4
158,254,3,8,IO,13
158,254,3,9,CPU,2
158,254,3,10,IO,23
158,254,3,11,CPU,5
158,254,3,12,IO,24
158,254,3,13,CPU,2
158,254,3,14,IO,18
158,254,3,15,CPU,2
159,255,2,1,CPU,3
159,255,2,2,IO,26
159,255,2,3,CPU,5
159,255,2,4,IO,11
159,255,2,5,CPU,2
159,255,2,6,IO,29
159,255,2,7,CPU,3
159,255,2,8,IO,14
159,255,2,9,CPU,2
159,255,2,10,IO,13
159,255,2,11,CPU,2
159,255,2,12,IO,12
159,255,2,13,CPU,3
159,255,2,14,IO,30
159,255,2,15,CPU,1
160,256,5,1,CPU,5
160,256,5,2,IO,11
160,256,5,3,CPU,5
160,256,5,4,IO,29
160,256,5,5,CPU,2
160,256,5,6,IO,28
160,256,5,7,CPU,5
160,256,5,8,IO,10
160,256,5,9,CPU,5
160,256,5,10,IO,11
160,256,5,11,CPU,3
160,256,5,12,IO,20
160,256,5,13,CPU,4
160,256,5,14,IO,14
160,256,5,15,CPU,2
161,259,8,1,CPU,5
161,259,8,2,IO,10
161,259,8,3,CPU,1
161,259,8,4,IO,23
161,259,8,5,CPU,5
161,259,8,6,IO,14
161,259,8,7,CPU,2
161,259,8,8,IO,13
161,259,8,9,CPU,5
161,259,8,10,IO,17
161,259,8,11,CPU,1
161,259,8,12,IO,30
161,259,8,13,CPU,1
162,259,5,1,CPU,5
162,259,5,2,IO,28
162,259,5,3,CPU,2
162,259,5,4,IO,21
162,259,5,5,CPU,5
162,259,5,6,IO,19
162,259,5,7,CPU,1
162,259,5,8,IO,22
162,259,5,9,CPU,3
162,259,5,10,IO,17
162,259,5,11,CPU,3
162,259,5,12,IO,16
162,259,5,13,CPU,3
163,259,3,1,CPU,1
163,259,3,2,IO,15
163,259,3,3,CPU,3
163,259,3,4,IO,26
163,259,3,5,CPU,3
163,259,3,6,IO,26
163,259,3,7,CPU,4
163,259,3,8,IO,26
163,259,3,9,CPU,3
164,262,2,1,CPU,3
164,262,2,2,IO,28
164,262,2,3,CPU,5
164,262,2,4,IO,24
164,262,2,5,CPU,1
164,262,2,6,IO,18
164,262,2,7,CPU,3
164,262,2,8,IO,30
164,262,2,9,CPU,4
164,262,2,10,IO,26
164,262,2,11,CPU,1
164,262,2,12,IO,25
164,262,2,13,CPU,5
164,262,2,14,IO,30
164,262,2,15,CPU,3
165,265,3,1,CPU,5
165,265,3,2,IO,24
165,265,3,3,CPU,1
165,265,3,4,IO,10
165,265,3,5,CPU,1
165,265,3,6,IO,13
165,265,3,7,CPU,4
165,265,3,8,IO,27
165,265,3,9,CPU,5
165,265,3,10,IO,10
165,265,3,11,CPU,5
165,265,3,12,IO,19
165,265,3,13,CPU,5
166,266,6,1,CPU,3
166,266,6,2,IO,15
166,266,6,3,CPU,2
166,266,6,4,IO,21
166,266,6,5,CPU,4
166,266,6,6,IO,30
166,266,6,7,CPU,5
166,266,6,8,IO,16
166,266,6,9,CPU,1
166,266,6,10,IO,18
166,266,6,11,CPU,1
166,266,6,12,IO,25
166,266,6,13,CPU,3
167,269,5,1,CPU,2
167,269,5,2,IO,15
167,269,5,3,CPU,4
167,269,5,4,IO,13
167,269,5,5,CPU,1
167,269,5,6,IO,13
167,269,5,7,CPU,1
167,269,5,8,IO,26
167,269,5,9,CPU,5
167,269,5,10,IO,22
167,269,5,11,CPU,2
167,269,5,12,IO,22
167,269,5,13,CPU,1
167,269,5,14,IO,20
167,269,5,15,CPU,3
168,272,8,1,CPU,5
168,272,8,2,IO,25
168,272,8,3,CPU,4
168,272,8,4,IO,28
168,272,8,5,CPU,2
168,272,8,6,IO,21
168,272,8,7,CPU,4
168,272,8,8,IO,29
168,272,8,9,CPU,3
168,272,8,10,IO,15
168,272,8,11,CPU,1
168,272,8,12,IO,30
168,272,8,13,CPU,5
169,274,5,1,CPU,4
169,274,5,2,IO,16
169,274,5,3,CPU,1
169,274,5,4,IO,28
169,274,5,5,CPU,5
169,274,5,6,IO,29
169,274,5,7,CPU,2
169,274,5,8,IO,24
169,274,5,9,CPU,5
169,274,5,10,IO,29
169,274,5,11,CPU,5
169,274,5,12,IO,13
169,274,5,13,CPU,3
170,277,6,1,CPU,2
170,277,6,2,IO,26
170,277,6,3,CPU,4
170,277,6,4,IO,30
170,277,6,5,CPU,1
170,277,6,6,IO,15
170,277,6,7,CPU,3
170,277,6,8,IO,17
170,277,6,9,CPU,3
170,277,6,10,IO,17
170,277,6,11,CPU,2
171,278,8,1,CPU,1
171,278,8,2,IO,15
171,278,8,3,CPU,5
171,278,8,4,IO,19
171,278,8,5,CPU,4
171,278,8,6,IO,12
171,278,8,7,CPU,1
171,278,8,8,IO,13
171,278,8,9,CPU,3
171,278,8,10,IO,25
171,278,8,11,CPU,4
171,278,8,12,IO,11
171,278,8,13,CPU,3
171,278,8,14,IO,13
171,278,8,15,CPU,5
172,281,6,1,CPU,4
172,281,6,2,IO,15
172,281,6,3,CPU,4
172,281,6,4,IO,12
172,281,6,5,CPU,5
172,281,6,6,IO,22
172,281,6,7,CPU,2
172,281,6,8,IO,15
172,281,6,9,CPU,4
172,281,6,10,IO,29
172,281,6,11,CPU,2
173,283,7,1,CPU,4
173,283,7,2,IO,30
173,283,7,3,CPU,1
173,283,7,4,IO,12
173,283,7,5,CPU,1
173,283,7,6,IO,10
173,283,7,7,CPU,1
173,283,7,8,IO,29
173,283,7,9,CPU,4
173,283,7,10,IO,13
173,283,7,11,CPU,5
173,283,7,12,IO,27
173,283,7,13,CPU,2
173,283,7,14,IO,29
173,283,7,15,CPU,2
174,284,3,1,CPU,1
174,284,3,2,IO,11
174,284,3,3,CPU,1
174,284,3,4,IO,24
174,284,3,5,CPU,5
174,284,3,6,IO,22
174,284,3,7,CPU,1
174,284,3,8,IO,28
174,284,3,9,CPU,1
174,284,3,10,IO,18
174,284,3,11,CPU,1
174,284,3,12,IO,18
174,284,3,13,CPU,3
174,284,3,14,IO,18
174,284,3,15,CPU,5
175,285,8,1,CPU,5
175,285,8,2,IO,17
175,285,8,3,CPU,2
175,285,8,4,IO,15
175,285,8,5,CPU,2
175,285,8,6,IO,14
175,285,8,7,CPU,5
175,285,8,8,IO,27
175,285,8,9,CPU,1
175,285,8,10,IO,26
175,285,8,11,CPU,3
175,285,8,12,IO,24
175,285,8,13,CPU,3
176,286,8,1,CPU,5
176,286,8,2,IO,23
176,286,8,3,CPU,3
176,286,8,4,IO,24
176,286,8,5,CPU,3
176,286,8,6,IO,13
176,286,8,7,CPU,3
176,286,8,8,IO,24
176,286,8,9,CPU,2
176,286,8,10,IO,22
176,286,8,11,CPU,2
176,286,8,12,IO,16
176,286,8,13,CPU,5
177,287,0,1,CPU,4
177,287,0,2,IO,17
177,287,0,3,CPU,5
177,287,0,4,IO,13
177,287,0,5,CPU,1
177,287,0,6,IO,28
177,287,0,7,CPU,5
177,287,0,8,IO,27
177,287,0,9,CPU,1
178,289,6,1,CPU,4
178,289,6,2,IO,11
178,289,6,3,CPU,2
178,289,6,4,IO,13
178,289,6,5,CPU,2
178,289,6,6,IO,25
178,289,6,7,CPU,1
178,289,6,8,IO,26
178,289,6,9,CPU,2
178,289,6,10,IO,28
178,289,6,11,CPU,3
179,290,3,1,CPU,3
179,290,3,2,IO,29
179,290,3,3,CPU,3
179,290,3,4,IO,17
179,290,3,5,CPU,3
179,290,3,6,IO,19
179,290,3,7,CPU,5
179,290,3,8,IO,29
179,290,3,9,CPU,4
179,290,3,10,IO,20
179,290,3,11,CPU,5
180,290,8,1,CPU,4
180,290,8,2,IO,18
180,290,8,3,CPU,5
180,290,8,4,IO,20
180,290,8,5,CPU,3
180,290,8,6,IO,18
180,290,8,7,CPU,2
180,290,8,8,IO,12
180,290,8,9,CPU,3
180,290,8,10,IO,18
180,290,8,11,CPU,2
180,290,8,12,IO,18
180,290,8,13,CPU,4
181,291,1,1,CPU,5
181,291,1,2,IO,30
181,291,1,3,CPU,4
181,291,1,4,IO,22
181,291,1,5,CPU,4
181,291,1,6,IO,11
181,291,1,7,CPU,5
181,291,1,8,IO,21
181,291,1,9,CPU,3
181,291,1,10,IO,25
181,291,1,11,CPU,2
181,291,1,12,IO,23
181,291,1,13,CPU,2
182,294,4,1,CPU,4
182,294,4,2,IO,11
182,294,4,3,CPU,5
182,294,4,4,IO,19
182,294,4,5,CPU,2
182,294,4,6,IO,22
182,294,4,7,CPU,1
182,294,4,8,IO,17
182,294,4,9,CPU,1
182,294,4,10,IO,15
182,294,4,11,CPU,4
182,294,4,12,IO,29
182,294,4,13,CPU,1
183,294,6,1,CPU,5
183,294,6,2,IO,17
183,294,6,3,CPU,2
183,294,6,4,IO,20
183,294,6,5,CPU,1
183,294,6,6,IO,16
183,294,6,7,CPU,3
183,294,6,8,IO,18
183,294,6,9,CPU,1
183,294,6,10,IO,27
183,294,6,11,CPU,1
183,294,6,12,IO,12
183,294,6,13,CPU,3
183,294,6,14,IO,18
183,294,6,15,CPU,1
184,296,5,1,CPU,2
184,296,5,2,IO,19
184,296,5,3,CPU,4
184,296,5,4,IO,27
184,296,5,5,CPU,2
184,296,5,6,IO,12
184,296,5,7,CPU,2
184,296,5,8,IO,20
184,296,5,9,CPU,1
184,296,5,10,IO,14
184,296,5,11,CPU,1
184,296,5,12,IO,29
184,296,5,13,CPU,4
185,298,6,1,CPU,5
185,298,6,2,IO,21
185,298,6,3,CPU,4
185,298,6,4,IO,28
185,298,6,5,CPU,3
185,298,6,6,IO,29
185,298,6,7,CPU,3
185,298,6,8,IO,22
185,298,6,9,CPU,3
185,298,6,10,IO,24
185,298,6,11,CPU,3
185,298,6,12,IO,19
185,298,6,13,CPU,4
185,298,6,14,IO,16
185,298,6,15,CPU,3
186,299,7,1,CPU,5
186,299,7,2,IO,11
186,299,7,3,CPU,2
186,299,7,4,IO,17
186,299,7,5,CPU,3
186,299,7,6,IO,22
186,299,7,7,CPU,3
186,299,7,8,IO,11
186,299,7,9,CPU,3
187,299,7,1,CPU,1
187,299,7,2,IO,15
187,299,7,3,CPU,1
187,299,7,4,IO,11
187,299,7,5,CPU,3
187,299,7,6,IO,23
187,299,7,7,CPU,1
187,299,7,8,IO,10
187,299,7,9,CPU,4
187,299,7,10,IO,11
187,299,7,11,CPU,4
187,299,7,12,IO,28
187,299,7,13,CPU,5
188,301,1,1,CPU,4
188,301,1,2,IO,28
188,301,1,3,CPU,4
188,301,1,4,IO,14
188,301,1,5,CPU,5
188,301,1,6,IO,28
188,301,1,7,CPU,1
188,301,1,8,IO,19
188,301,1,9,CPU,4
189,302,9,1,CPU,3
189,302,9,2,IO,28
189,302,9,3,CPU,4
189,302,9,4,IO,21
189,302,9,5,CPU,5
189,302,9,6,IO,29
189,302,9,7,CPU,1
189,302,9,8,IO,26
189,302,9,9,CPU,5
190,305,0,1,CPU,2
190,305,0,2,IO,23
190,305,0,3,CPU,5
190,305,0,4,IO,25
190,305,0,5,CPU,1
190,305,0,6,IO,18
190,305,0,7,CPU,3
190,305,0,8,IO,21
190,305,0,9,CPU,4
190,305,0,10,IO,30
190,305,0,11,CPU,5
190,305,0,12,IO,21
190,305,0,13,CPU,1
191,307,6,1,CPU,2
191,307,6,2,IO,11
191,307,6,3,CPU,4
191,307,6,4,IO,22
191,307,6,5,CPU,3
191,307,6,6,IO,18
191,307,6,7,CPU,2
191,307,6,8,IO,25
191,307,6,9,CPU,4
191,307,6,10,IO,25
191,307,6,11,CPU,3
191,307,6,12,IO,28
191,307,6,13,CPU,4
192,308,0,1,CPU,3
192,308,0,2,IO,25
192,308,0,3,CPU,4
192,308,0,4,IO,10
192,308,0,5,CPU,1
192,308,0,6,IO,19
192,308,0,7,CPU,3
192,308,0,8,IO,17
192,308,0,9,CPU,3
192,308,0,10,IO,11
192,308,0,11,CPU,1
192,308,0,12,IO,20
192,308,0,13,CPU,5
192,308,0,14,IO,11
192,308,0,15,CPU,3
193,309,0,1,CPU,5
193,309,0,2,IO,12
193,309,0,3,CPU,1
193,309,0,4,IO,12
193,309,0,5,CPU,2
193,309,0,6,IO,15
193,309,0,7,CPU,3
193,309,0,8,IO,22
193,309,0,9,CPU,1
194,309,0,1,CPU,4
194,309,0,2,IO,22
194,309,0,3,CPU,3
194,309,0,4,IO,15
194,309,0,5,CPU,2
194,309,0,6,IO,21
194,309,0,7,CPU,5
194,309,0,8,IO,16
194,309,0,9,CPU,2
194,309,0,10,IO,22
194,309,0,11,CPU,2
195,312,5,1,CPU,4
195,312,5,2,IO,12
195,312,5,3,CPU,5
195,312,5,4,IO,19
195,312,5,5,CPU,2
195,312,5,6,IO,10
195,312,5,7,CPU,4
195,312,5,8,IO,20
195,312,5,9,CPU,5
196,312,3,1,CPU,1
196,312,3,2,IO,14
196,312,3,3,CPU,3
196,312,3,4,IO,25
196,312,3,5,CPU,2
196,312,3,6,IO,10
196,312,3,7,CPU,5
196,312,3,8,IO,20
196,312,3,9,CPU,2
196,312,3,10,IO,29
196,312,3,11,CPU,2
196,312,3,12,IO,13
196,312,3,13,CPU,5
197,312,7,1,CPU,3
197,312,7,2,IO,11
197,312,7,3,CPU,4
197,312,7,4,IO,11
197,312,7,5,CPU,4
197,312,7,6,IO,26
197,312,7,7,CPU,5
197,312,7,8,IO,17
197,312,7,9,CPU,1
197,312,7,10,IO,21
197,312,7,11,CPU,5
198,315,5,1,CPU,3
198,315,5,2,IO,19
198,315,5,3,CPU,4
198,315,5,4,IO,13
198,315,5,5,CPU,5
198,315,5,6,IO,13
198,315,5,7,CPU,1
198,315,5,8,IO,13
198,315,5,9,CPU,2
198,315,5,10,IO,26
198,315,5,11,CPU,5
199,317,3,1,CPU,3
199,317,3,2,IO,12
199,317,3,3,CPU,3
199,317,3,4,IO,28
199,317,3,5,CPU,4
199,317,3,6,IO,20
199,317,3,7,CPU,4
199,317,3,8,IO,13
199,317,3,9,CPU,1
199,317,3,10,IO,16
199,317,3,11,CPU,4
199,317,3,12,IO,18
199,317,3,13,CPU,5
199,317,3,14,IO,27
199,317,3,15,CPU,1
200,320,9,1,CPU,1
200,320,9,2,IO,20
200,320,9,3,CPU,2
200,320,9,4,IO,10
200,320,9,5,CPU,1
200,320,9,6,IO,20
200,320,9,7,CPU,2
200,320,9,8,IO,17
200,320,9,9,CPU,5
200,320,9,10,IO,11
200,320,9,11,CPU,1
200,320,9,12,IO,12
200,320,9,13,CPU,1
201,320,2,1,CPU,3
201,320,2,2,IO,29
201,320,2,3,CPU,1
201,320,2,4,IO,11
201,320,2,5,CPU,2
201,320,2,6,IO,18
201,320,2,7,CPU,2
201,320,2,8,IO,28
201,320,2,9,CPU,5
201,320,2,10,IO,17
201,320,2,11,CPU,3
201,320,2,12,IO,11
201,320,2,13,CPU,5
201,320,2,14,IO,15
201,320,2,15,CPU,3
202,322,3,1,CPU,3
202,322,3,2,IO,13
202,322,3,3,CPU,2
202,322,3,4,IO,25
202,322,3,5,CPU,1
202,322,3,6,IO,24
202,322,3,7,CPU,1
202,322,3,8,IO,28
202,322,3,9,CPU,4
203,324,7,1,CPU,2
203,324,7,2,IO,14
203,324,7,3,CPU,5
203,324,7,4,IO,25
203,324,7,5,CPU,1
203,324,7,6,IO,16
203,324,7,7,CPU,5
203,324,7,8,IO,30
203,324,7,9,CPU,5
203,324,7,10,IO,15
203,324,7,11,CPU,3
203,324,7,12,IO,18
203,324,7,13,CPU,1
204,325,3,1,CPU,3
204,325,3,2,IO,10
204,325,3,3,CPU,2
204,325,3,4,IO,21
204,325,3,5,CPU,4
204,325,3,6,IO,22
204,325,3,7,CPU,5
204,325,3,8,IO,14
204,325,3,9,CPU,1
204,325,3,10,IO,21
204,325,3,11,CPU,2
204,325,3,12,IO,22
204,325,3,13,CPU,3
205,328,4,1,CPU,5
205,328,4,2,IO,28
205,328,4,3,CPU,1
205,328,4,4,IO,24
205,328,4,5,CPU,3
205,328,4,6,IO,24
205,328,4,7,CPU,4
205,328,4,8,IO,27
205,328,4,9,CPU,1
206,331,6,1,CPU,3
206,331,6,2,IO,24
206,331,6,3,CPU,5
206,331,6,4,IO,22
206,331,6,5,CPU,2
206,331,6,6,IO,24
206,331,6,7,CPU,2
206,331,6,8,IO,14
206,331,6,9,CPU,2
206,331,6,10,IO,13
206,331,6,11,CPU,2
207,331,1,1,CPU,5
207,331,1,2,IO,30
207,331,1,3,CPU,4
207,331,1,4,IO,16
207,331,1,5,CPU,5
207,331,1,6,IO,16
207,331,1,7,CPU,4
207,331,1,8,IO,28
207,331,1,9,CPU,4
207,331,1,10,IO,30
207,331,1,11,CPU,1
208,332,0,1,CPU,5
208,332,0,2,IO,18
208,332,0,3,CPU,1
208,332,0,4,IO,11
208,332,0,5,CPU,5
208,332,0,6,IO,18
208,332,0,7,CPU,2
208,332,0,8,IO,21
208,332,0,9,CPU,2
208,332,0,10,IO,25
208,332,0,11,CPU,4
208,332,0,12,IO,27
208,332,0,13,CPU,2
209,335,6,1,CPU,4
209,335,6,2,IO,30
209,335,6,3,CPU,2
209,335,6,4,IO,27
209,335,6,5,CPU,5
209,335,6,6,IO,15
209,335,6,7,CPU,4
209,335,6,8,IO,13
209,335,6,9,CPU,1
209,335,6,10,IO,29
209,335,6,11,CPU,5
209,335,6,12,IO,16
209,335,6,13,CPU,3
209,335,6,14,IO,16
209,335,6,15,CPU,1
210,338,3,1,CPU,2
210,338,3,2,IO,30
210,338,3,3,CPU,4
210,338,3,4,IO,19
210,338,3,5,CPU,1
210,338,3,6,IO,16
210,338,3,7,CPU,5
210,338,3,8,IO,12
210,338,3,9,CPU,4
210,338,3,10,IO,10
210,338,3,11,CPU,1
211,341,9,1,CPU,4
211,341,9,2,IO,20
211,341,9,3,CPU,5
211,341,9,4,IO,29
211,341,9,5,CPU,5
211,341,9,6,IO,27
211,341,9,7,CPU,2
211,341,9,8,IO,30
211,341,9,9,CPU,1
211,341,9,10,IO,14
211,341,9,11,CPU,3
212,341,6,1,CPU,5
212,341,6,2,IO,27
212,341,6,3,CPU,4
212,341,6,4,IO,29
212,341,6,5,CPU,3
212,341,6,6,IO,10
212,341,6,7,CPU,3
212,341,6,8,IO,11
212,341,6,9,CPU,2
212,341,6,10,IO,25
212,341,6,11,CPU,4
212,341,6,12,IO,19
212,341,6,13,CPU,3
213,343,1,1,CPU,2
213,343,1,2,IO,23
213,343,1,3,CPU,2
213,343,1,4,IO,20
213,343,1,5,CPU,4
213,343,1,6,IO,10
213,343,1,7,CPU,1
213,343,1,8,IO,19
213,343,1,9,CPU,1
214,345,1,1,CPU,3
214,345,1,2,IO,18
214,345,1,3,CPU,5
214,345,1,4,IO,22
214,345,1,5,CPU,5
214,345,1,6,IO,26
214,345,1,7,CPU,4
214,345,1,8,IO,26
214,345,1,9,CPU,3
214,345,1,10,IO,30
214,345,1,11,CPU,1
214,345,1,12,IO,16
214,345,1,13,CPU,3
215,346,1,1,CPU,1
215,346,1,2,IO,23
215,346,1,3,CPU,1
215,346,1,4,IO,30
215,346,1,5,CPU,3
215,346,1,6,IO,26
215,346,1,7,CPU,5
215,346,1,8,IO,12
215,346,1,9,CPU,1
215,346,1,10,IO,20
215,346,1,11,CPU,1
216,347,2,1,CPU,2
216,347,2,2,IO,19
216,347,2,3,CPU,2
216,347,2,4,IO,11
216,347,2,5,CPU,4
216,347,2,6,IO,25
216,347,2,7,CPU,4
216,347,2,8,IO,15
216,347,2,9,CPU,5
216,347,2,10,IO,24
216,347,2,11,CPU,3
217,349,7,1,CPU,4
217,349,7,2,IO,10
217,349,7,3,CPU,5
217,349,7,4,IO,11
217,349,7,5,CPU,3
217,349,7,6,IO,14
217,349,7,7,CPU,5
217,349,7,8,IO,29
217,349,7,9,CPU,3
217,349,7,10,IO,25
217,349,7,11,CPU,4
217,349,7,12,IO,24
217,349,7,13,CPU,1
217,349,7,14,IO,27
217,349,7,15,CPU,4
218,352,2,1,CPU,3
218,352,2,2,IO,25
218,352,2,3,CPU,5
218,352,2,4,IO,24
218,352,2,5,CPU,1
218,352,2,6,IO,16
218,352,2,7,CPU,2
218,352,2,8,IO,29
218,352,2,9,CPU,4
218,352,2,10,IO,21
218,352,2,11,CPU,4
219,354,7,1,CPU,1
219,354,7,2,IO,19
219,354,7,3,CPU,4
219,354,7,4,IO,20
219,354,7,5,CPU,2
219,354,7,6,IO,12
219,354,7,7,CPU,5
219,354,7,8,IO,18
219,354,7,9,CPU,4
219,354,7,10,IO,26
219,354,7,11,CPU,3
219,354,7,12,IO,26
219,354,7,13,CPU,2
219,354,7,14,IO,12
219,354,7,15,CPU,5
220,357,6,1,CPU,5
220,357,6,2,IO,11
220,357,6,3,CPU,4
220,357,6,4,IO,30
220,357,6,5,CPU,2
220,357,6,6,IO,12
220,357,6,7,CPU,1
220,357,6,8,IO,23
220,357,6,9,CPU,3
221,358,2,1,CPU,4
221,358,2,2,IO,13
221,358,2,3,CPU,5
221,358,2,4,IO,15
221,358,2,5,CPU,3
221,358,2,6,IO,22
221,358,2,7,CPU,5
221,358,2,8,IO,17
221,358,2,9,CPU,2
221,358,2,10,IO,22
221,358,2,11,CPU,1
221,358,2,12,IO,27
221,358,2,13,CPU,1
222,358,4,1,CPU,3
222,358,4,2,IO,25
222,358,4,3,CPU,2
222,358,4,4,IO,15
222,358,4,5,CPU,3
222,358,4,6,IO,26
222,358,4,7,CPU,2
222,358,4,8,IO,27
222,358,4,9,CPU,3
222,358,4,10,IO,12
222,358,4,11,CPU,1
222,358,4,12,IO,24
222,358,4,13,CPU,5
223,361,4,1,CPU,3
223,361,4,2,IO,14
223,361,4,3,CPU,2
223,361,4,4,IO,14
223,361,4,5,CPU,1
223,361,4,6,IO,26
223,361,4,7,CPU,2
223,361,4,8,IO,16
223,361,4,9,CPU,5
223,361,4,10,IO,12
223,361,4,11,CPU,3
224,363,2,1,CPU,3
224,363,2,2,IO,21
224,363,2,3,CPU,5
224,363,2,4,IO,21
224,363,2,5,CPU,3
224,363,2,6,IO,27
224,363,2,7,CPU,1
224,363,2,8,IO,14
224,363,2,9,CPU,4
224,363,2,10,IO,12
224,363,2,11,CPU,3
224,363,2,12,IO,15
224,363,2,13,CPU,4
224,363,2,14,IO,24
224,363,2,15,CPU,2
225,364,9,1,CPU,3
225,364,9,2,IO,16
225,364,9,3,CPU,2
225,364,9,4,IO,19
225,364,9,5,CPU,1
225,364,9,6,IO,30
225,364,9,7,CPU,3
225,364,9,8,IO,23
225,364,9,9,CPU,3
225,364,9,10,IO,14
225,364,9,11,CPU,2
225,364,9,12,IO,10
225,364,9,13,CPU,1
225,364,9,14,IO,14
225,364,9,15,CPU,3
226,367,5,1,CPU,1
226,367,5,2,IO,21
226,367,5,3,CPU,3
226,367,5,4,IO,22
226,367,5,5,CPU,2
226,367,5,6,IO,26
226,367,5,7,CPU,4
226,367,5,8,IO,13
226,367,5,9,CPU,1
226,367,5,10,IO,26
226,367,5,11,CPU,1
226,367,5,12,IO,27
226,367,5,13,CPU,4
226,367,5,14,IO,30
226,367,5,15,CPU,3
227,368,5,1,CPU,5
227,368,5,2,IO,14
227,368,5,3,CPU,4
227,368,5,4,IO,15
227,368,5,5,CPU,1
227,368,5,6,IO,10
227,368,5,7,CPU,2
227,368,5,8,IO,15
227,368,5,9,CPU,2
227,368,5,10,IO,10
227,368,5,11,CPU,5
227,368,5,12,IO,15
227,368,5,13,CPU,2
227,368,5,14,IO,26
227,368,5,15,CPU,3
228,371,6,1,CPU,1
228,371,6,2,IO,30
228,371,6,3,CPU,4
228,371,6,4,IO,17
228,371,6,5,CPU,1
228,371,6,6,IO,28
228,371,6,7,CPU,5
228,371,6,8,IO,14
228,371,6,9,CPU,5
228,371,6,10,IO,13
228,371,6,11,CPU,3
229,371,5,1,CPU,5
229,371,5,2,IO,22
229,371,5,3,CPU,2
229,371,5,4,IO,13
229,371,5,5,CPU,3
229,371,5,6,IO,19
229,371,5,7,CPU,3
229,371,5,8,IO,24
229,371,5,9,CPU,5
230,372,2,1,CPU,3
230,372,2,2,IO,21
230,372,2,3,CPU,3
230,372,2,4,IO,14
230,372,2,5,CPU,5
230,372,2,6,IO,11
230,372,2,7,CPU,5
230,372,2,8,IO,27
230,372,2,9,CPU,2
230,372,2,10,IO,13
230,372,2,11,CPU,2
230,372,2,12,IO,10
230,372,2,13,CPU,3
231,374,0,1,CPU,3
231,374,0,2,IO,16
231,374,0,3,CPU,4
231,374,0,4,IO,10
231,374,0,5,CPU,2
231,374,0,6,IO,16
231,374,0,7,CPU,4
231,374,0,8,IO,18
231,374,0,9,CPU,2
231,374,0,10,IO,13
231,374,0,11,CPU,3
231,374,0,12,IO,21
231,374,0,13,CPU,1
232,377,0,1,CPU,3
232,377,0,2,IO,22
232,377,0,3,CPU,5
232,377,0,4,IO,20
232,377,0,5,CPU,1
232,377,0,6,IO,18
232,377,0,7,CPU,1
232,377,0,8,IO,11
232,377,0,9,CPU,1
232,377,0,10,IO,10
232,377,0,11,CPU,1
232,377,0,12,IO,30
232,377,0,13,CPU,1
232,377,0,14,IO,26
232,377,0,15,CPU,5
233,379,6,1,CPU,4
233,379,6,2,IO,25
233,379,6,3,CPU,2
233,379,6,4,IO,23
233,379,6,5,CPU,2
233,379,6,6,IO,23
233,379,6,7,CPU,2
233,379,6,8,IO,12
233,379,6,9,CPU,2
234,381,2,1,CPU,5
234,381,2,2,IO,11
234,381,2,3,CPU,2
234,381,2,4,IO,25
234,381,2,5,CPU,3
234,381,2,6,IO,16
234,381,2,7,CPU,4
234,381,2,8,IO,19
234,381,2,9,CPU,1
234,381,2,10,IO,20
234,381,2,11,CPU,5
234,381,2,12,IO,26
234,381,2,13,CPU,3
234,381,2,14,IO,30
234,381,2,15,CPU,4
235,383,8,1,CPU,2
235,383,8,2,IO,23
235,383,8,3,CPU,1
235,383,8,4,IO,12
235,383,8,5,CPU,2
235,383,8,6,IO,22
235,383,8,7,CPU,1
235,383,8,8,IO,16
235,383,8,9,CPU,2
235,383,8,10,IO,29
235,383,8,11,CPU,5
236,384,8,1,CPU,1
236,384,8,2,IO,28
236,384,8,3,CPU,4
236,384,8,4,IO,19
236,384,8,5,CPU,5
236,384,8,6,IO,11
236,384,8,7,CPU,5
236,384,8,8,IO,15
236,384,8,9,CPU,5
236,384,8,10,IO,17
236,384,8,11,CPU,1
236,384,8,12,IO,22
236,384,8,13,CPU,2
237,387,0,1,CPU,3
237,387,0,2,IO,28
237,387,0,3,CPU,3
237,387,0,4,IO,20
237,387,0,5,CPU,2
237,387,0,6,IO,11
237,387,0,7,CPU,3
237,387,0,8,IO,21
237,387,0,9,CPU,2
237,387,0,10,IO,29
237,387,0,11,CPU,3
237,387,0,12,IO,26
237,387,0,13,CPU,1
238,387,9,1,CPU,1
238,387,9,2,IO,30
238,387,9,3,CPU,2
238,387,9,4,IO,24
238,387,9,5,CPU,4
238,387,9,6,IO,18
238,387,9,7,CPU,5
238,387,9,8,IO,29
238,387,9,9,CPU,4
239,387,5,1,CPU,5
239,387,5,2,IO,11
239,387,5,3,CPU,4
239,387,5,4,IO,26
239,387,5,5,CPU,1
239,387,5,6,IO,23
239,387,5,7,CPU,3
239,387,5,8,IO,12
239,387,5,9,CPU,1
240,388,7,1,CPU,1
240,388,7,2,IO,12
240,388,7,3,CPU,4
240,388,7,4,IO,29
240,388,7,5,CPU,1
240,388,7,6,IO,18
240,388,7,7,CPU,3
240,388,7,8,IO,18
240,388,7,9,CPU,3
241,389,0,1,CPU,3
241,389,0,2,IO,17
241,389,0,3,CPU,3
241,389,0,4,IO,27
241,389,0,5,CPU,1
241,389,0,6,IO,19
241,389,0,7,CPU,5
241,389,0,8,IO,20
241,389,0,9,CPU,4
241,389,0,10,IO,25
241,389,0,11,CPU,1
241,389,0,12,IO,19
241,389,0,13,CPU,4
241,389,0,14,IO,11
241,389,0,15,CPU,3
242,389,5,1,CPU,1
242,389,5,2,IO,27
242,389,5,3,CPU,1
242,389,5,4,IO,26
242,389,5,5,CPU,2
242,389,5,6,IO,23
242,389,5,7,CPU,5
242,389,5,8,IO,26
242,389,5,9,CPU,1
242,389,5,10,IO,25
242,389,5,11,CPU,1
242,389,5,12,IO,16
242,389,5,13,CPU,2
242,389,5,14,IO,27
242,389,5,15,CPU,3
243,391,0,1,CPU,5
243,391,0,2,IO,20
243,391,0,3,CPU,5
243,391,0,4,IO,13
243,391,0,5,CPU,3
243,391,0,6,IO,16
243,391,0,7,CPU,5
243,391,0,8,IO,16
243,391,0,9,CPU,5
243,391,0,10,IO,21
243,391,0,11,CPU,2
243,391,0,12,IO,24
243,391,0,13,CPU,4
244,392,2,1,CPU,3
244,392,2,2,IO,23
244,392,2,3,CPU,4
244,392,2,4,IO,30
244,392,2,5,CPU,5
244,392,2,6,IO,25
244,392,2,7,CPU,3
244,392,2,8,IO,21
244,392,2,9,CPU,1
244,392,2,10,IO,30
244,392,2,11,CPU,1
245,393,7,1,CPU,2
245,393,7,2,IO,18
245,393,7,3,CPU,5
245,393,7,4,IO,12
245,393,7,5,CPU,1
245,393,7,6,IO,24
245,393,7,7,CPU,2
245,393,7,8,IO,17
245,393,7,9,CPU,2
245,393,7,10,IO,18
245,393,7,11,CPU,4
245,393,7,12,IO,26
245,393,7,13,CPU,1
245,393,7,14,IO,16
245,393,7,15,CPU,1
246,394,7,1,CPU,2
246,394,7,2,IO,20
246,394,7,3,CPU,4
246,394,7,4,IO,27
246,394,7,5,CPU,2
246,394,7,6,IO,30
246,394,7,7,CPU,4
246,394,7,8,IO,25
246,394,7,9,CPU,1
246,394,7,10,IO,21
246,394,7,11,CPU,3
247,396,8,1,CPU,5
247,396,8,2,IO,19
247,396,8,3,CPU,4
247,396,8,4,IO,28
247,396,8,5,CPU,4
247,396,8,6,IO,13
247,396,8,7,CPU,5
247,396,8,8,IO,16
247,396,8,9,CPU,3
247,396,8,10,IO,28
247,396,8,11,CPU,2
247,396,8,12,IO,14
247,396,8,13,CPU,5
248,398,3,1,CPU,5
248,398,3,2,IO,28
248,398,3,3,CPU,3
248,398,3,4,IO,20
248,398,3,5,CPU,1
248,398,3,6,IO,25
248,398,3,7,CPU,3
248,398,3,8,IO,25
248,398,3,9,CPU,5
248,398,3,10,IO,20
248,398,3,11,CPU,5
248,398,3,12,IO,19
248,398,3,13,CPU,5
249,400,9,1,CPU,5
249,400,9,2,IO,18
249,400,9,3,CPU,3
249,400,9,4,IO,10
249,400,9,5,CPU,1
249,400,9,6,IO,14
249,400,9,7,CPU,3
249,400,9,8,IO,26
249,400,9,9,CPU,3
249,400,9,10,IO,20
249,400,9,11,CPU,5
249,400,9,12,IO,18
249,400,9,13,CPU,3
250,403,5,1,CPU,3
250,403,5,2,IO,25
250,403,5,3,CPU,4
250,403,5,4,IO,10
250,403,5,5,CPU,1
250,403,5,6,IO,10
250,403,5,7,CPU,2
250,403,5,8,IO,11
250,403,5,9,CPU,2
250,403,5,10,IO,11
250,403,5,11,CPU,3
250,403,5,12,IO,14
250,403,5,13,CPU,5
251,406,5,1,CPU,3
251,406,5,2,IO,30
251,406,5,3,CPU,3
251,406,5,4,IO,10
251,406,5,5,CPU,5
251,406,5,6,IO,19
251,406,5,7,CPU,5
251,406,5,8,IO,16
251,406,5,9,CPU,3
251,406,5,10,IO,17
251,406,5,11,CPU,5
251,406,5,12,IO,15
251,406,5,13,CPU,3
252,407,6,1,CPU,1
252,407,6,2,IO,16
252,407,6,3,CPU,3
252,407,6,4,IO,20
252,407,6,5,CPU,3
252,407,6,6,IO,19
252,407,6,7,CPU,4
252,407,6,8,IO,14
252,407,6,9,CPU,5
252,407,6,10,IO,19
252,407,6,11,CPU,1
252,407,6,12,IO,13
252,407,6,13,CPU,1
253,409,0,1,CPU,2
253,409,0,2,IO,23
253,409,0,3,CPU,1
253,409,0,4,IO,12
253,409,0,5,CPU,2
253,409,0,6,IO,18
253,409,0,7,CPU,1
253,409,0,8,IO,16
253,409,0,9,CPU,1
253,409,0,10,IO,27
253,409,0,11,CPU,3
254,409,5,1,CPU,1
254,409,5,2,IO,18
254,409,5,3,CPU,5
254,409,5,4,IO,24
254,409,5,5,CPU,1
254,409,5,6,IO,30
254,409,5,7,CPU,1
254,409,5,8,IO,16
254,409,5,9,CPU,3
254,409,5,10,IO,25
254,409,5,11,CPU,1
254,409,5,12,IO,20
254,409,5,13,CPU,2
254,409,5,14,IO,15
254,409,5,15,CPU,1
255,410,0,1,CPU,1
255,410,0,2,IO,29
255,410,0,3,CPU,4
255,410,0,4,IO,27
255,410,0,5,CPU,1
255,410,0,6,IO,21
255,410,0,7,CPU,4
255,410,0,8,IO,10
255,410,0,9,CPU,2
255,410,0,10,IO,12
255,410,0,11,CPU,5
256,412,5,1,CPU,3
256,412,5,2,IO,14
256,412,5,3,CPU,1
256,412,5,4,IO,16
256,412,5,5,CPU,2
256,412,5,6,IO,24
256,412,5,7,CPU,5
256,412,5,8,IO,12
256,412,5,9,CPU,3
256,412,5,10,IO,26
256,412,5,11,CPU,2
257,415,9,1,CPU,2
257,415,9,2,IO,14
257,415,9,3,CPU,4
257,415,9,4,IO,10
257,415,9,5,CPU,2
257,415,9,6,IO,26
257,415,9,7,CPU,3
257,415,9,8,IO,12
257,415,9,9,CPU,2
257,415,9,10,IO,27
257,415,9,11,CPU,5
257,415,9,12,IO,11
257,415,9,13,CPU,2
257,415,9,14,IO,17
257,415,9,15,CPU,4
258,416,3,1,CPU,1
258,416,3,2,IO,28
258,416,3,3,CPU,3
258,416,3,4,IO,30
258,416,3,5,CPU,1
258,416,3,6,IO,25
258,416,3,7,CPU,2
258,416,3,8,IO,24
258,416,3,9,CPU,3
258,416,3,10,IO,23
258,416,3,11,CPU,2
258,416,3,12,IO,26
258,416,3,13,CPU,4
259,416,8,1,CPU,3
259,416,8,2,IO,26
259,416,8,3,CPU,5
259,416,8,4,IO,11
259,416,8,5,CPU,4
259,416,8,6,IO,23
259,416,8,7,CPU,1
259,416,8,8,IO,19
259,416,8,9,CPU,3
259,416,8,10,IO,30
259,416,8,11,CPU,1
259,416,8,12,IO,20
259,416,8,13,CPU,2
260,419,8,1,CPU,1
260,419,8,2,IO,15
260,419,8,3,CPU,5
260,419,8,4,IO,14
260,419,8,5,CPU,4
260,419,8,6,IO,27
260,419,8,7,CPU,3
260,419,8,8,IO,25
260,419,8,9,CPU,3
261,420,7,1,CPU,1
261,420,7,2,IO,11
261,420,7,3,CPU,3
261,420,7,4,IO,15
261,420,7,5,CPU,5
261,420,7,6,IO,19
261,420,7,7,CPU,2
261,420,7,8,IO,24
261,420,7,9,CPU,4
262,420,3,1,CPU,2
262,420,3,2,IO,22
262,420,3,3,CPU,2
262,420,3,4,IO,16
262,420,3,5,CPU,3
262,420,3,6,IO,21
262,420,3,7,CPU,4
262,420,3,8,IO,27
262,420,3,9,CPU,3
263,422,2,1,CPU,2
263,422,2,2,IO,26
263,422,2,3,CPU,1
263,422,2,4,IO,14
263,422,2,5,CPU,1
263,422,2,6,IO,29
263,422,2,7,CPU,2
263,422,2,8,IO,28
263,422,2,9,CPU,5
263,422,2,10,IO,16
263,422,2,11,CPU,4
263,422,2,12,IO,20
263,422,2,13,CPU,1
263,422,2,14,IO,21
263,422,2,15,CPU,2
264,424,4,1,CPU,5
264,424,4,2,IO,23
264,424,4,3,CPU,1
264,424,4,4,IO,11
264,424,4,5,CPU,1
264,424,4,6,IO,23
264,424,4,7,CPU,4
264,424,4,8,IO,14
264,424,4,9,CPU,2
264,424,4,10,IO,21
264,424,4,11,CPU,3
265,425,2,1,CPU,3
265,425,2,2,IO,16
265,425,2,3,CPU,2
265,425,2,4,IO,16
265,425,2,5,CPU,2
265,425,2,6,IO,22
265,425,2,7,CPU,1
265,425,2,8,IO,12
265,425,2,9,CPU,4
265,425,2,10,IO,10
265,425,2,11,CPU,4
265,425,2,12,IO,19
265,425,2,13,CPU,4
265,425,2,14,IO,30
265,425,2,15,CPU,1
266,425,2,1,CPU,1
266,425,2,2,IO,11
266,425,2,3,CPU,3
266,425,2,4,IO,30
266,425,2,5,CPU,4
266,425,2,6,IO,22
266,425,2,7,CPU,3
266,425,2,8,IO,29
266,425,2,9,CPU,2
266,425,2,10,IO,24
266,425,2,11,CPU,1
266,425,2,12,IO,30
266,425,2,13,CPU,1
267,428,2,1,CPU,2
267,428,2,2,IO,11
267,428,2,3,CPU,1
267,428,2,4,IO,28
267,428,2,5,CPU,3
267,428,2,6,IO,22
267,428,2,7,CPU,5
267,428,2,8,IO,10
267,428,2,9,CPU,1
267,428,2,10,IO,20
267,428,2,11,CPU,5
267,428,2,12,IO,21
267,428,2,13,CPU,1
268,428,8,1,CPU,4
268,428,8,2,IO,12
268,428,8,3,CPU,3
268,428,8,4,IO,25
268,428,8,5,CPU,1
268,428,8,6,IO,20
268,428,8,7,CPU,3
268,428,8,8,IO,11
268,428,8,9,CPU,3
269,431,3,1,CPU,3
269,431,3,2,IO,24
269,431,3,3,CPU,4
269,431,3,4,IO,13
269,431,3,5,CPU,1
269,431,3,6,IO,17
269,431,3,7,CPU,4
269,431,3,8,IO,14
269,431,3,9,CPU,2
269,431,3,10,IO,13
269,431,3,11,CPU,5
269,431,3,12,IO,13
269,431,3,13,CPU,3
270,431,2,1,CPU,1
270,431,2,2,IO,14
270,431,2,3,CPU,4
270,431,2,4,IO,29
270,431,2,5,CPU,2
270,431,2,6,IO,13
270,431,2,7,CPU,1
270,431,2,8,IO,28
270,431,2,9,CPU,4
270,431,2,10,IO,25
270,431,2,11,CPU,2
271,434,2,1,CPU,2
271,434,2,2,IO,16
271,434,2,3,CPU,4
271,434,2,4,IO,29
271,434,2,5,CPU,1
271,434,2,6,IO,18
271,434,2,7,CPU,3
271,434,2,8,IO,14
271,434,2,9,CPU,1
271,434,2,10,IO,21
271,434,2,11,CPU,4
271,434,2,12,IO,25
271,434,2,13,CPU,5
271,434,2,14,IO,18
271,434,2,15,CPU,2
272,436,2,1,CPU,5
272,436,2,2,IO,15
272,436,2,3,CPU,3
272,436,2,4,IO,19
272,436,2,5,CPU,1
272,436,2,6,IO,12
272,436,2,7,CPU,4
272,436,2,8,IO,24
272,436,2,9,CPU,2
272,436,2,10,IO,22
272,436,2,11,CPU,3
273,437,1,1,CPU,5
273,437,1,2,IO,20
273,437,1,3,CPU,3
273,437,1,4,IO,16
273,437,1,5,CPU,1
273,437,1,6,IO,29
273,437,1,7,CPU,3
273,437,1,8,IO,26
273,437,1,9,CPU,4
273,437,1,10,IO,14
273,437,1,11,CPU,1
273,437,1,12,IO,15
273,437,1,13,CPU,3
273,437,1,14,IO,13
273,437,1,15,CPU,3
274,440,4,1,CPU,2
274,440,4,2,IO,28
274,440,4,3,CPU,1
274,440,4,4,IO,30
274,440,4,5,CPU,1
274,440,4,6,IO,18
274,440,4,7,CPU,5
274,440,4,8,IO,15
274,440,4,9,CPU,5
275,442,6,1,CPU,5
275,442,6,2,IO,10
275,442,6,3,CPU,4
275,442,6,4,IO,15
275,442,6,5,CPU,3
275,442,6,6,IO,17
275,442,6,7,CPU,5
275,442,6,8,IO,16
275,442,6,9,CPU,2
275,442,6,10,IO,20
275,442,6,11,CPU,2
276,444,7,1,CPU,2
276,444,7,2,IO,22
276,444,7,3,CPU,4
276,444,7,4,IO,29
276,444,7,5,CPU,4
276,444,7,6,IO,29
276,444,7,7,CPU,2
276,444,7,8,IO,19
276,444,7,9,CPU,1
276,444,7,10,IO,13
276,444,7,11,CPU,3
276,444,7,12,IO,20
276,444,7,13,CPU,3
277,446,3,1,CPU,4
277,446,3,2,IO,28
277,446,3,3,CPU,2
277,446,3,4,IO,28
277,446,3,5,CPU,3
277,446,3,6,IO,16
277,446,3,7,CPU,2
277,446,3,8,IO,15
277,446,3,9,CPU,2
277,446,3,10,IO,27
277,446,3,11,CPU,4
278,448,7,1,CPU,1
278,448,7,2,IO,16
278,448,7,3,CPU,2
278,448,7,4,IO,19
278,448,7,5,CPU,3
278,448,7,6,IO,15
278,448,7,7,CPU,3
278,448,7,8,IO,13
278,448,7,9,CPU,1
278,448,7,10,IO,18
278,448,7,11,CPU,4
278,448,7,12,IO,17
278,448,7,13,CPU,3
278,448,7,14,IO,29
278,448,7,15,CPU,1
279,448,0,1,CPU,3
279,448,0,2,IO,22
279,448,0,3,CPU,2
279,448,0,4,IO,25
279,448,0,5,CPU,3
279,448,0,6,IO,12
279,448,0,7,CPU,3
279,448,0,8,IO,25
279,448,0,9,CPU,5
279,448,0,10,IO,16
279,448,0,11,CPU,4
280,449,7,1,CPU,2
280,449,7,2,IO,29
280,449,7,3,CPU,3
280,449,7,4,IO,23
280,449,7,5,CPU,2
280,449,7,6,IO,21
280,449,7,7,CPU,3
280,449,7,8,IO,17
280,449,7,9,CPU,3
280,449,7,10,IO,15
280,449,7,11,CPU,4
281,452,3,1,CPU,4
281,452,3,2,IO,10
281,452,3,3,CPU,4
281,452,3,4,IO,20
281,452,3,5,CPU,1
281,452,3,6,IO,12
281,452,3,7,CPU,3
281,452,3,8,IO,15
281,452,3,9,CPU,1
281,452,3,10,IO,17
281,452,3,11,CPU,5
282,455,9,1,CPU,2
282,455,9,2,IO,19
282,455,9,3,CPU,2
282,455,9,4,IO,23
282,455,9,5,CPU,3
282,455,9,6,IO,16
282,455,9,7,CPU,5
282,455,9,8,IO,27
282,455,9,9,CPU,4
282,455,9,10,IO,15
282,455,9,11,CPU,2
283,455,6,1,CPU,1
283,455,6,2,IO,24
283,455,6,3,CPU,2
283,455,6,4,IO,20
283,455,6,5,CPU,1
283,455,6,6,IO,29
283,455,6,7,CPU,2
283,455,6,8,IO,25
283,455,6,9,CPU,4
283,455,6,10,IO,26
283,455,6,11,CPU,2
284,457,1,1,CPU,1
284,457,1,2,IO,22
284,457,1,3,CPU,5
284,457,1,4,IO,30
284,457,1,5,CPU,2
284,457,1,6,IO,16
284,457,1,7,CPU,1
284,457,1,8,IO,16
284,457,1,9,CPU,2
284,457,1,10,IO,11
284,457,1,11,CPU,4
284,457,1,12,IO,27
284,457,1,13,CPU,1
284,457,1,14,IO,29
284,457,1,15,CPU,2
285,457,2,1,CPU,3
285,457,2,2,IO,12
285,457,2,3,CPU,2
285,457,2,4,IO,21
285,457,2,5,CPU,5
285,457,2,6,IO,10
285,457,2,7,CPU,1
285,457,2,8,IO,13
285,457,2,9,CPU,2
285,457,2,10,IO,10
285,457,2,11,CPU,3
285,457,2,12,IO,24
285,457,2,13,CPU,5
285,457,2,14,IO,13
285,457,2,15,CPU,3
286,457,2,1,CPU,5
286,457,2,2,IO,14
286,457,2,3,CPU,2
286,457,2,4,IO,28
286,457,2,5,CPU,4
286,457,2,6,IO,28
286,457,2,7,CPU,1
286,457,2,8,IO,18
286,457,2,9,CPU,3
287,460,3,1,CPU,2
287,460,3,2,IO,23
287,460,3,3,CPU,3
287,460,3,4,IO,24
287,460,3,5,CPU,5
287,460,3,6,IO,14
287,460,3,7,CPU,2
287,460,3,8,IO,21
287,460,3,9,CPU,2
288,461,4,1,CPU,5
288,461,4,2,IO,14
288,461,4,3,CPU,1
288,461,4,4,IO,14
288,461,4,5,CPU,3
288,461,4,6,IO,10
288,461,4,7,CPU,2
288,461,4,8,IO,29
288,461,4,9,CPU,3
288,461,4,10,IO,23
288,461,4,11,CPU,2
288,461,4,12,IO,20
288,461,4,13,CPU,2
289,464,2,1,CPU,2
289,464,2,2,IO,22
289,464,2,3,CPU,4
289,464,2,4,IO,12
289,464,2,5,CPU,3
289,464,2,6,IO,21
289,464,2,7,CPU,5
289,464,2,8,IO,25
289,464,2,9,CPU,4
290,466,9,1,CPU,4
290,466,9,2,IO,14
290,466,9,3,CPU,1
290,466,9,4,IO,12
290,466,9,5,CPU,5
290,466,9,6,IO,19
290,466,9,7,CPU,1
290,466,9,8,IO,30
290,466,9,9,CPU,4
291,468,9,1,CPU,4
291,468,9,2,IO,22
291,468,9,3,CPU,2
291,468,9,4,IO,28
291,468,9,5,CPU,4
291,468,9,6,IO,15
291,468,9,7,CPU,4
291,468,9,8,IO,12
291,468,9,9,CPU,4
292,471,8,1,CPU,2
292,471,8,2,IO,19
292,471,8,3,CPU,5
292,471,8,4,IO,17
292,471,8,5,CPU,3
292,471,8,6,IO,18
292,471,8,7,CPU,4
292,471,8,8,IO,13
292,471,8,9,CPU,3
292,471,8,10,IO,14
292,471,8,11,CPU,2
292,471,8,12,IO,29
292,471,8,13,CPU,3
292,471,8,14,IO,20
292,471,8,15,CPU,1
293,471,4,1,CPU,3
293,471,4,2,IO,22
293,471,4,3,CPU,4
293,471,4,4,IO,10
293,471,4,5,CPU,1
293,471,4,6,IO,24
293,471,4,7,CPU,5
293,471,4,8,IO,16
293,471,4,9,CPU,5
293,471,4,10,IO,18
293,471,4,11,CPU,2
293,471,4,12,IO,28
293,471,4,13,CPU,2
294,473,3,1,CPU,2
294,473,3,2,IO,21
294,473,3,3,CPU,2
294,473,3,4,IO,14
294,473,3,5,CPU,1
294,473,3,6,IO,20
294,473,3,7,CPU,2
294,473,3,8,IO,23
294,473,3,9,CPU,2
295,475,4,1,CPU,1
295,475,4,2,IO,29
295,475,4,3,CPU,4
295,475,4,4,IO,23
295,475,4,5,CPU,4
295,475,4,6,IO,13
295,475,4,7,CPU,4
295,475,4,8,IO,16
295,475,4,9,CPU,1
296,478,3,1,CPU,2
296,478,3,2,IO,22
296,478,3,3,CPU,4
296,478,3,4,IO,11
296,478,3,5,CPU,2
296,478,3,6,IO,15
296,478,3,7,CPU,2
296,478,3,8,IO,30
296,478,3,9,CPU,2
296,478,3,10,IO,16
296,478,3,11,CPU,3
296,478,3,12,IO,11
296,478,3,13,CPU,4
296,478,3,14,IO,14
296,478,3,15,CPU,5
297,479,5,1,CPU,5
297,479,5,2,IO,14
297,479,5,3,CPU,1
297,479,5,4,IO,17
297,479,5,5,CPU,2
297,479,5,6,IO,29
297,479,5,7,CPU,3
297,479,5,8,IO,11
297,479,5,9,CPU,4
297,479,5,10,IO,27
297,479,5,11,CPU,5
298,481,9,1,CPU,5
298,481,9,2,IO,12
298,481,9,3,CPU,1
298,481,9,4,IO,25
298,481,9,5,CPU,4
298,481,9,6,IO,16
298,481,9,7,CPU,3
298,481,9,8,IO,12
298,481,9,9,CPU,3
298,481,9,10,IO,26
298,481,9,11,CPU,4
299,482,5,1,CPU,1
299,482,5,2,IO,24
299,482,5,3,CPU,3
299,482,5,4,IO,25
299,482,5,5,CPU,2
299,482,5,6,IO,20
299,482,5,7,CPU,4
299,482,5,8,IO,11
299,482,5,9,CPU,4
299,482,5,10,IO,10
299,482,5,11,CPU,3
300,485,8,1,CPU,5
300,485,8,2,IO,12
300,485,8,3,CPU,4
300,485,8,4,IO,13
300,485,8,5,CPU,3
300,485,8,6,IO,19
300,485,8,7,CPU,4
300,485,8,8,IO,17
300,485,8,9,CPU,2
300,485,8,10,IO,16
300,485,8,11,CPU,4
300,485,8,12,IO,20
300,485,8,13,CPU,4
300,485,8,14,IO,30
300,485,8,15,CPU,1
301,488,8,1,CPU,2
301,488,8,2,IO,30
301,488,8,3,CPU,2
301,488,8,4,IO,26
301,488,8,5,CPU,4
301,488,8,6,IO,19
301,488,8,7,CPU,2
301,488,8,8,IO,17
301,488,8,9,CPU,3
301,488,8,10,IO,24
301,488,8,11,CPU,5
302,490,7,1,CPU,4
302,490,7,2,IO,14
302,490,7,3,CPU,3
302,490,7,4,IO,30
302,490,7,5,CPU,5
302,490,7,6,IO,11
302,490,7,7,CPU,5
302,490,7,8,IO,30
302,490,7,9,CPU,2
302,490,7,10,IO,17
302,490,7,11,CPU,1
303,493,2,1,CPU,4
303,493,2,2,IO,14
303,493,2,3,CPU,4
303,493,2,4,IO,30
303,493,2,5,CPU,2
303,493,2,6,IO,22
303,493,2,7,CPU,5
303,493,2,8,IO,11
303,493,2,9,CPU,2
303,493,2,10,IO,18
303,493,2,11,CPU,4
304,496,3,1,CPU,4
304,496,3,2,IO,23
304,496,3,3,CPU,3
304,496,3,4,IO,19
304,496,3,5,CPU,3
304,496,3,6,IO,20
304,496,3,7,CPU,5
304,496,3,8,IO,19
304,496,3,9,CPU,5
304,496,3,10,IO,12
304,496,3,11,CPU,3
304,496,3,12,IO,11
304,496,3,13,CPU,3
305,496,3,1,CPU,4
305,496,3,2,IO,14
305,496,3,3,CPU,3
305,496,3,4,IO,13
305,496,3,5,CPU,3
305,496,3,6,IO,25
305,496,3,7,CPU,1
305,496,3,8,IO,17
305,496,3,9,CPU,4
305,496,3,10,IO,13
305,496,3,11,CPU,5
305,496,3,12,IO,10
305,496,3,13,CPU,1
306,499,6,1,CPU,3
306,499,6,2,IO,23
306,499,6,3,CPU,3
306,499,6,4,IO,29
306,499,6,5,CPU,5
306,499,6,6,IO,18
306,499,6,7,CPU,5
306,499,6,8,IO,19
306,499,6,9,CPU,1
306,499,6,10,IO,23
306,499,6,11,CPU,3
307,499,7,1,CPU,2
307,499,7,2,IO,24
307,499,7,3,CPU,1
307,499,7,4,IO,24
307,499,7,5,CPU,2
307,499,7,6,IO,16
307,499,7,7,CPU,5
307,499,7,8,IO,24
307,499,7,9,CPU,2
308,502,1,1,CPU,2
308,502,1,2,IO,28
308,502,1,3,CPU,2
308,502,1,4,IO,18
308,502,1,5,CPU,1
308,502,1,6,IO,14
308,502,1,7,CPU,1
308,502,1,8,IO,12
308,502,1,9,CPU,5
308,502,1,10,IO,12
308,502,1,11,CPU,5
308,502,1,12,IO,26
308,502,1,13,CPU,5
309,503,7,1,CPU,4
309,503,7,2,IO,14
309,503,7,3,CPU,2
309,503,7,4,IO,11
309,503,7,5,CPU,4
309,503,7,6,IO,13
309,503,7,7,CPU,3
309,503,7,8,IO,29
309,503,7,9,CPU,3
309,503,7,10,IO,19
309,503,7,11,CPU,3
309,503,7,12,IO,22
309,503,7,13,CPU,4
309,503,7,14,IO,24
309,503,7,15,CPU,1
310,504,1,1,CPU,3
310,504,1,2,IO,30
310,504,1,3,CPU,2
310,504,1,4,IO,30
310,504,1,5,CPU,4
310,504,1,6,IO,27
310,504,1,7,CPU,5
310,504,1,8,IO,22
310,504,1,9,CPU,3
310,504,1,10,IO,22
310,504,1,11,CPU,1
311,504,9,1,CPU,2
311,504,9,2,IO,28
311,504,9,3,CPU,4
311,504,9,4,IO,16
311,504,9,5,CPU,3
311,504,9,6,IO,29
311,504,9,7,CPU,1
311,504,9,8,IO,19
311,504,9,9,CPU,4
311,504,9,10,IO,19
311,504,9,11,CPU,5
311,504,9,12,IO,24
311,504,9,13,CPU,1
311,504,9,14,IO,11
311,504,9,15,CPU,3
312,506,2,1,CPU,4
312,506,2,2,IO,20
312,506,2,3,CPU,4
312,506,2,4,IO,28
312,506,2,5,CPU,3
312,506,2,6,IO,20
312,506,2,7,CPU,5
312,506,2,8,IO,10
312,506,2,9,CPU,3
312,506,2,10,IO,15
312,506,2,11,CPU,4
312,506,2,12,IO,13
312,506,2,13,CPU,4
312,506,2,14,IO,10
312,506,2,15,CPU,2
313,506,4,1,CPU,2
313,506,4,2,IO,17
313,506,4,3,CPU,3
313,506,4,4,IO,17
313,506,4,5,CPU,3
313,506,4,6,IO,20
313,506,4,7,CPU,3
313,506,4,8,IO,19
313,506,4,9,CPU,5
313,506,4,10,IO,16
313,506,4,11,CPU,2
314,507,3,1,CPU,4
314,507,3,2,IO,20
314,507,3,3,CPU,5
314,507,3,4,IO,26
314,507,3,5,CPU,3
314,507,3,6,IO,10
314,507,3,7,CPU,5
314,507,3,8,IO,24
314,507,3,9,CPU,3
314,507,3,10,IO,10
314,507,3,11,CPU,1
315,507,2,1,CPU,3
315,507,2,2,IO,18
315,507,2,3,CPU,3
315,507,2,4,IO,11
315,507,2,5,CPU,4
315,507,2,6,IO,11
315,507,2,7,CPU,4
315,507,2,8,IO,27
315,507,2,9,CPU,4
315,507,2,10,IO,25
315,507,2,11,CPU,1
315,507,2,12,IO,29
315,507,2,13,CPU,5
315,507,2,14,IO,28
315,507,2,15,CPU,4
316,509,4,1,CPU,1
316,509,4,2,IO,16
316,509,4,3,CPU,4
316,509,4,4,IO,30
316,509,4,5,CPU,3
316,509,4,6,IO,16
316,509,4,7,CPU,1
316,509,4,8,IO,26
316,509,4,9,CPU,2
317,512,4,1,CPU,1
317,512,4,2,IO,12
317,512,4,3,CPU,5
317,512,4,4,IO,13
317,512,4,5,CPU,4
317,512,4,6,IO,26
317,512,4,7,CPU,5
317,512,4,8,IO,12
317,512,4,9,CPU,3
318,514,0,1,CPU,5
318,514,0,2,IO,10
318,514,0,3,CPU,1
318,514,0,4,IO,12
318,514,0,5,CPU,1
318,514,0,6,IO,27
318,514,0,7,CPU,2
318,514,0,8,IO,24
318,514,0,9,CPU,2
318,514,0,10,IO,17
318,514,0,11,CPU,5
319,515,3,1,CPU,1
319,515,3,2,IO,30
319,515,3,3,CPU,3
319,515,3,4,IO,18
319,515,3,5,CPU,2
319,515,3,6,IO,28
319,515,3,7,CPU,3
319,515,3,8,IO,19
319,515,3,9,CPU,4
319,515,3,10,IO,29
319,515,3,11,CPU,4
319,515,3,12,IO,23
319,515,3,13,CPU,4
319,515,3,14,IO,18
319,515,3,15,CPU,2
320,518,1,1,CPU,4
320,518,1,2,IO,26
320,518,1,3,CPU,5
320,518,1,4,IO,26
320,518,1,5,CPU,4
320,518,1,6,IO,21
320,518,1,7,CPU,3
320,518,1,8,IO,26
320,518,1,9,CPU,4
320,518,1,10,IO,17
320,518,1,11,CPU,2
320,518,1,12,IO,14
320,518,1,13,CPU,4
320,518,1,14,IO,14
320,518,1,15,CPU,4
321,518,9,1,CPU,2
321,518,9,2,IO,16
321,518,9,3,CPU,5
321,518,9,4,IO,30
321,518,9,5,CPU,1
321,518,9,6,IO,24
321,518,9,7,CPU,4
321,518,9,8,IO,30
321,518,9,9,CPU,1
321,518,9,10,IO,25
321,518,9,11,CPU,3
321,518,9,12,IO,22
321,518,9,13,CPU,5
321,518,9,14,IO,23
321,518,9,15,CPU,5
322,518,9,1,CPU,3
322,518,9,2,IO,12
322,518,9,3,CPU,5
322,518,9,4,IO,18
322,518,9,5,CPU,4
322,518,9,6,IO,29
322,518,9,7,CPU,4
322,518,9,8,IO,29
322,518,9,9,CPU,1
322,518,9,10,IO,19
322,518,9,11,CPU,5
323,520,4,1,CPU,5
323,520,4,2,IO,22
323,520,4,3,CPU,2
323,520,4,4,IO,11
323,520,4,5,CPU,3
323,520,4,6,IO,15
323,520,4,7,CPU,5
323,520,4,8,IO,16
323,520,4,9,CPU,5
323,520,4,10,IO,19
323,520,4,11,CPU,4
324,521,9,1,CPU,5
324,521,9,2,IO,20
324,521,9,3,CPU,2
324,521,9,4,IO,24
324,521,9,5,CPU,3
324,521,9,6,IO,22
324,521,9,7,CPU,4
324,521,9,8,IO,30
324,521,9,9,CPU,5
325,524,8,1,CPU,1
325,524,8,2,IO,18
325,524,8,3,CPU,5
325,524,8,4,IO,13
325,524,8,5,CPU,2
325,524,8,6,IO,29
325,524,8,7,CPU,4
325,524,8,8,IO,20
325,524,8,9,CPU,3
325,524,8,10,IO,13
325,524,8,11,CPU,1
325,524,8,12,IO,12
325,524,8,13,CPU,5
326,527,8,1,CPU,1
326,527,8,2,IO,27
326,527,8,3,CPU,4
326,527,8,4,IO,12
326,527,8,5,CPU,4
326,527,8,6,IO,28
326,527,8,7,CPU,3
326,527,8,8,IO,11
326,527,8,9,CPU,5
326,527,8,10,IO,16
326,527,8,11,CPU,3
327,528,7,1,CPU,4
327,528,7,2,IO,30
327,528,7,3,CPU,4
327,528,7,4,IO,10
327,528,7,5,CPU,1
327,528,7,6,IO,13
327,528,7,7,CPU,5
327,528,7,8,IO,26
327,528,7,9,CPU,4
327,528,7,10,IO,13
327,528,7,11,CPU,5
327,528,7,12,IO,10
327,528,7,13,CPU,3
328,528,0,1,CPU,3
328,528,0,2,IO,26
328,528,0,3,CPU,3
328,528,0,4,IO,24
328,528,0,5,CPU,3
328,528,0,6,IO,17
328,528,0,7,CPU,1
328,528,0,8,IO,15
328,528,0,9,CPU,2
328,528,0,10,IO,26
328,528,0,11,CPU,1
328,528,0,12,IO,19
328,528,0,13,CPU,5
329,530,1,1,CPU,5
329,530,1,2,IO,12
329,530,1,3,CPU,2
329,530,1,4,IO,29
329,530,1,5,CPU,2
329,530,1,6,IO,13
329,530,1,7,CPU,3
329,530,1,8,IO,13
329,530,1,9,CPU,5
329,530,1,10,IO,11
329,530,1,11,CPU,5
329,530,1,12,IO,27
329,530,1,13,CPU,3
330,531,7,1,CPU,1
330,531,7,2,IO,18
330,531,7,3,CPU,5
330,531,7,4,IO,10
330,531,7,5,CPU,4
330,531,7,6,IO,14
330,531,7,7,CPU,1
330,531,7,8,IO,11
330,531,7,9,CPU,1
330,531,7,10,IO,28
330,531,7,11,CPU,1
330,531,7,12,IO,22
330,531,7,13,CPU,5
331,533,9,1,CPU,1
331,533,9,2,IO,18
331,533,9,3,CPU,5
331,533,9,4,IO,30
331,533,9,5,CPU,1
331,533,9,6,IO,21
331,533,9,7,CPU,1
331,533,9,8,IO,13
331,533,9,9,CPU,1
332,533,3,1,CPU,4
332,533,3,2,IO,18
332,533,3,3,CPU,4
332,533,3,4,IO,24
332,533,3,5,CPU,5
332,533,3,6,IO,17
332,533,3,7,CPU,3
332,533,3,8,IO,10
332,533,3,9,CPU,4
332,533,3,10,IO,24
332,533,3,11,CPU,2
332,533,3,12,IO,28
332,533,3,13,CPU,4
332,533,3,14,IO,11
332,533,3,15,CPU,4
333,534,0,1,CPU,5
333,534,0,2,IO,15
333,534,0,3,CPU,4
333,534,0,4,IO,18
333,534,0,5,CPU,2
333,534,0,6,IO,23
333,534,0,7,CPU,3
333,534,0,8,IO,25
333,534,0,9,CPU,5
334,534,5,1,CPU,4
334,534,5,2,IO,23
334,534,5,3,CPU,4
334,534,5,4,IO,20
334,534,5,5,CPU,5
334,534,5,6,IO,10
334,534,5,7,CPU,3
334,534,5,8,IO,21
334,534,5,9,CPU,3
335,536,3,1,CPU,3
335,536,3,2,IO,19
335,536,3,3,CPU,2
335,536,3,4,IO,11
335,536,3,5,CPU,3
335,536,3,6,IO,11
335,536,3,7,CPU,5
335,536,3,8,IO,24
335,536,3,9,CPU,1
336,538,8,1,CPU,3
336,538,8,2,IO,19
336,538,8,3,CPU,3
336,538,8,4,IO,12
336,538,8,5,CPU,5
336,538,8,6,IO,26
336,538,8,7,CPU,4
336,538,8,8,IO,15
336,538,8,9,CPU,5
336,538,8,10,IO,25
336,538,8,11,CPU,4
336,538,8,12,IO,20
336,538,8,13,CPU,1
336,538,8,14,IO,23
336,538,8,15,CPU,5
337,539,3,1,CPU,5
337,539,3,2,IO,28
337,539,3,3,CPU,1
337,539,3,4,IO,20
337,539,3,5,CPU,4
337,539,3,6,IO,20
337,539,3,7,CPU,2
337,539,3,8,IO,24
337,539,3,9,CPU,1
337,539,3,10,IO,16
337,539,3,11,CPU,1
338,542,6,1,CPU,5
338,542,6,2,IO,17
338,542,6,3,CPU,2
338,542,6,4,IO,15
338,542,6,5,CPU,4
338,542,6,6,IO,21
338,542,6,7,CPU,2
338,542,6,8,IO,13
338,542,6,9,CPU,5
338,542,6,10,IO,23
338,542,6,11,CPU,5
338,542,6,12,IO,22
338,542,6,13,CPU,2
339,544,8,1,CPU,1
339,544,8,2,IO,21
339,544,8,3,CPU,5
339,544,8,4,IO,22
339,544,8,5,CPU,3
339,544,8,6,IO,17
339,544,8,7,CPU,5
339,544,8,8,IO,24
339,544,8,9,CPU,4
339,544,8,10,IO,10
339,544,8,11,CPU,1
339,544,8,12,IO,25
339,544,8,13,CPU,5
340,544,7,1,CPU,1
340,544,7,2,IO,22
340,544,7,3,CPU,5
340,544,7,4,IO,20
340,544,7,5,CPU,2
340,544,7,6,IO,17
340,544,7,7,CPU,3
340,544,7,8,IO,14
340,544,7,9,CPU,3
340,544,7,10,IO,17
340,544,7,11,CPU,1
340,544,7,12,IO,12
340,544,7,13,CPU,1
340,544,7,14,IO,17
340,544,7,15,CPU,4
341,545,3,1,CPU,5
341,545,3,2,IO,16
341,545,3,3,CPU,3
341,545,3,4,IO,15
341,545,3,5,CPU,2
341,545,3,6,IO,15
341,545,3,7,CPU,2
341,545,3,8,IO,23
341,545,3,9,CPU,5
341,545,3,10,IO,16
341,545,3,11,CPU,4
341,545,3,12,IO,25
341,545,3,13,CPU,4
342,545,5,1,CPU,5
342,545,5,2,IO,23
342,545,5,3,CPU,5
342,545,5,4,IO,14
342,545,5,5,CPU,4
342,545,5,6,IO,30
342,545,5,7,CPU,1
342,545,5,8,IO,16
342,545,5,9,CPU,1
342,545,5,10,IO,17
342,545,5,11,CPU,4
342,545,5,12,IO,12
342,545,5,13,CPU,2
342,545,5,14,IO,21
342,545,5,15,CPU,5
343,545,2,1,CPU,1
343,545,2,2,IO,24
343,545,2,3,CPU,2
343,545,2,4,IO,28
343,545,2,5,CPU,3
343,545,2,6,IO,18
343,545,2,7,CPU,5
343,545,2,8,IO,29
343,545,2,9,CPU,3
344,547,1,1,CPU,3
344,547,1,2,IO,16
344,547,1,3,CPU,1
344,547,1,4,IO,23
344,547,1,5,CPU,5
344,547,1,6,IO,19
344,547,1,7,CPU,3
344,547,1,8,IO,27
344,547,1,9,CPU,5
345,548,6,1,CPU,5
345,548,6,2,IO,26
345,548,6,3,CPU,5
345,548,6,4,IO,14
345,548,6,5,CPU,3
345,548,6,6,IO,21
345,548,6,7,CPU,4
345,548,6,8,IO,13
345,548,6,9,CPU,1
345,548,6,10,IO,23
345,548,6,11,CPU,1
345,548,6,12,IO,20
345,548,6,13,CPU,3
346,550,0,1,CPU,4
346,550,0,2,IO,15
346,550,0,3,CPU,4
346,550,0,4,IO,30
346,550,0,5,CPU,5
346,550,0,6,IO,29
346,550,0,7,CPU,2
346,550,0,8,IO,16
346,550,0,9,CPU,3
346,550,0,10,IO,30
346,550,0,11,CPU,4
346,550,0,12,IO,22
346,550,0,13,CPU,2
346,550,0,14,IO,14
346,550,0,15,CPU,1
347,550,2,1,CPU,1
347,550,2,2,IO,21
347,550,2,3,CPU,3
347,550,2,4,IO,16
347,550,2,5,CPU,1
347,550,2,6,IO,13
347,550,2,7,CPU,2
347,550,2,8,IO,18
347,550,2,9,CPU,1
347,550,2,10,IO,16
347,550,2,11,CPU,3
347,550,2,12,IO,18
347,550,2,13,CPU,3
348,551,9,1,CPU,1
348,551,9,2,IO,17
348,551,9,3,CPU,2
348,551,9,4,IO,21
348,551,9,5,CPU,5
348,551,9,6,IO,28
348,551,9,7,CPU,3
348,551,9,8,IO,23
348,551,9,9,CPU,2
348,551,9,10,IO,21
348,551,9,11,CPU,3
349,552,4,1,CPU,3
349,552,4,2,IO,13
349,552,4,3,CPU,3
349,552,4,4,IO,30
349,552,4,5,CPU,1
349,552,4,6,IO,15
349,552,4,7,CPU,1
349,552,4,8,IO,12
349,552,4,9,CPU,1
350,555,9,1,CPU,1
350,555,9,2,IO,25
350,555,9,3,CPU,4
350,555,9,4,IO,11
350,555,9,5,CPU,1
350,555,9,6,IO,25
350,555,9,7,CPU,1
350,555,9,8,IO,23
350,555,9,9,CPU,5
350,555,9,10,IO,12
350,555,9,11,CPU,4
351,558,7,1,CPU,1
351,558,7,2,IO,12
351,558,7,3,CPU,2
351,558,7,4,IO,25
351,558,7,5,CPU,4
351,558,7,6,IO,18
351,558,7,7,CPU,4
351,558,7,8,IO,18
351,558,7,9,CPU,5
352,559,3,1,CPU,5
352,559,3,2,IO,21
352,559,3,3,CPU,3
352,559,3,4,IO,16
352,559,3,5,CPU,2
352,559,3,6,IO,30
352,559,3,7,CPU,4
352,559,3,8,IO,12
352,559,3,9,CPU,3
352,559,3,10,IO,21
352,559,3,11,CPU,4
352,559,3,12,IO,20
352,559,3,13,CPU,1
352,559,3,14,IO,19
352,559,3,15,CPU,1
353,559,9,1,CPU,5
353,559,9,2,IO,18
353,559,9,3,CPU,4
353,559,9,4,IO,23
353,559,9,5,CPU,1
353,559,9,6,IO,13
353,559,9,7,CPU,5
353,559,9,8,IO,23
353,559,9,9,CPU,2
353,559,9,10,IO,29
353,559,9,11,CPU,3
354,559,3,1,CPU,2
354,559,3,2,IO,14
354,559,3,3,CPU,2
354,559,3,4,IO,19
354,559,3,5,CPU,1
354,559,3,6,IO,24
354,559,3,7,CPU,2
354,559,3,8,IO,28
354,559,3,9,CPU,4
354,559,3,10,IO,24
354,559,3,11,CPU,2
354,559,3,12,IO,15
354,559,3,13,CPU,5
354,559,3,14,IO,13
354,559,3,15,CPU,4
355,562,7,1,CPU,2
355,562,7,2,IO,19
355,562,7,3,CPU,5
355,562,7,4,IO,12
355,562,7,5,CPU,1
355,562,7,6,IO,23
355,562,7,7,CPU,5
355,562,7,8,IO,30
355,562,7,9,CPU,2
355,562,7,10,IO,16
355,562,7,11,CPU,4
356,564,5,1,CPU,3
356,564,5,2,IO,10
356,564,5,3,CPU,1
356,564,5,4,IO,27
356,564,5,5,CPU,5
356,564,5,6,IO,23
356,564,5,7,CPU,2
356,564,5,8,IO,25
356,564,5,9,CPU,5
356,564,5,10,IO,17
356,564,5,11,CPU,1
356,564,5,12,IO,19
356,564,5,13,CPU,1
356,564,5,14,IO,29
356,564,5,15,CPU,3
357,565,6,1,CPU,5
357,565,6,2,IO,24
357,565,6,3,CPU,3
357,565,6,4,IO,16
357,565,6,5,CPU,5
357,565,6,6,IO,18
357,565,6,7,CPU,5
357,565,6,8,IO,27
357,565,6,9,CPU,3
357,565,6,10,IO,26
357,565,6,11,CPU,1
357,565,6,12,IO,22
357,565,6,13,CPU,1
358,568,5,1,CPU,5
358,568,5,2,IO,26
358,568,5,3,CPU,5
358,568,5,4,IO,14
358,568,5,5,CPU,2
358,568,5,6,IO,29
358,568,5,7,CPU,2
358,568,5,8,IO,22
358,568,5,9,CPU,2
358,568,5,10,IO,21
358,568,5,11,CPU,1
358,568,5,12,IO,19
358,568,5,13,CPU,4
358,568,5,14,IO,28
358,568,5,15,CPU,1
359,571,2,1,CPU,4
359,571,2,2,IO,22
359,571,2,3,CPU,3
359,571,2,4,IO,16
359,571,2,5,CPU,3
359,571,2,6,IO,21
359,571,2,7,CPU,1
359,571,2,8,IO,26
359,571,2,9,CPU,2
359,571,2,10,IO,15
359,571,2,11,CPU,5
359,571,2,12,IO,25
359,571,2,13,CPU,4
360,571,0,1,CPU,2
360,571,0,2,IO,22
360,571,0,3,CPU,2
360,571,0,4,IO,17
360,571,0,5,CPU,4
360,571,0,6,IO,16
360,571,0,7,CPU,2
360,571,0,8,IO,30
360,571,0,9,CPU,5
360,571,0,10,IO,27
360,571,0,11,CPU,2
360,571,0,12,IO,29
360,571,0,13,CPU,5
360,571,0,14,IO,29
360,571,0,15,CPU,2
361,572,1,1,CPU,4
361,572,1,2,IO,14
361,572,1,3,CPU,3
361,572,1,4,IO,10
361,572,1,5,CPU,1
361,572,1,6,IO,27
361,572,1,7,CPU,2
361,572,1,8,IO,13
361,572,1,9,CPU,4
361,572,1,10,IO,24
361,572,1,11,CPU,2
361,572,1,12,IO,19
361,572,1,13,CPU,5
361,572,1,14,IO,16
361,572,1,15,CPU,1
362,574,7,1,CPU,5
362,574,7,2,IO,24
362,574,7,3,CPU,3
362,574,7,4,IO,23
362,574,7,5,CPU,5
362,574,7,6,IO,21
362,574,7,7,CPU,2
362,574,7,8,IO,15
362,574,7,9,CPU,2
363,575,7,1,CPU,1
363,575,7,2,IO,23
363,575,7,3,CPU,5
363,575,7,4,IO,18
363,575,7,5,CPU,1
363,575,7,6,IO,22
363,575,7,7,CPU,4
363,575,7,8,IO,11
363,575,7,9,CPU,2
363,575,7,10,IO,27
363,575,7,11,CPU,1
364,577,1,1,CPU,5
364,577,1,2,IO,28
364,577,1,3,CPU,1
364,577,1,4,IO,15
364,577,1,5,CPU,4
364,577,1,6,IO,12
364,577,1,7,CPU,3
364,577,1,8,IO,30
364,577,1,9,CPU,3
364,577,1,10,IO,29
364,577,1,11,CPU,1
364,577,1,12,IO,14
364,577,1,13,CPU,1
365,579,9,1,CPU,5
365,579,9,2,IO,30
365,579,9,3,CPU,4
365,579,9,4,IO,11
365,579,9,5,CPU,1
365,579,9,6,IO,14
365,579,9,7,CPU,5
365,579,9,8,IO,20
365,579,9,9,CPU,3
365,579,9,10,IO,10
365,579,9,11,CPU,4
366,581,2,1,CPU,4
366,581,2,2,IO,17
366,581,2,3,CPU,4
366,581,2,4,IO,28
366,581,2,5,CPU,5
366,581,2,6,IO,17
366,581,2,7,CPU,2
366,581,2,8,IO,18
366,581,2,9,CPU,4
367,583,8,1,CPU,1
367,583,8,2,IO,18
367,583,8,3,CPU,1
367,583,8,4,IO,21
367,583,8,5,CPU,2
367,583,8,6,IO,11
367,583,8,7,CPU,2
367,583,8,8,IO,10
367,583,8,9,CPU,2
368,585,4,1,CPU,3
368,585,4,2,IO,16
368,585,4,3,CPU,2
368,585,4,4,IO,16
368,585,4,5,CPU,4
368,585,4,6,IO,28
368,585,4,7,CPU,1
368,585,4,8,IO,13
368,585,4,9,CPU,1
369,585,6,1,CPU,5
369,585,6,2,IO,30
369,585,6,3,CPU,2
369,585,6,4,IO,16
369,585,6,5,CPU,3
369,585,6,6,IO,15
369,585,6,7,CPU,3
369,585,6,8,IO,26
369,585,6,9,CPU,3
369,585,6,10,IO,12
369,585,6,11,CPU,2
369,585,6,12,IO,10
369,585,6,13,CPU,2
370,586,2,1,CPU,2
370,586,2,2,IO,30
370,586,2,3,CPU,3
370,586,2,4,IO,27
370,586,2,5,CPU,1
370,586,2,6,IO,11
370,586,2,7,CPU,3
370,586,2,8,IO,23
370,586,2,9,CPU,1
370,586,2,10,IO,24
370,586,2,11,CPU,2
370,586,2,12,IO,26
370,586,2,13,CPU,3
371,587,3,1,CPU,4
371,587,3,2,IO,12
371,587,3,3,CPU,5
371,587,3,4,IO,11
371,587,3,5,CPU,3
371,587,3,6,IO,26
371,587,3,7,CPU,1
371,587,3,8,IO,29
371,587,3,9,CPU,1
371,587,3,10,IO,11
371,587,3,11,CPU,4
371,587,3,12,IO,16
371,587,3,13,CPU,5
372,590,1,1,CPU,1
372,590,1,2,IO,27
372,590,1,3,CPU,3
372,590,1,4,IO,20
372,590,1,5,CPU,3
372,590,1,6,IO,24
372,590,1,7,CPU,4
372,590,1,8,IO,17
372,590,1,9,CPU,5
373,592,8,1,CPU,2
373,592,8,2,IO,28
373,592,8,3,CPU,4
373,592,8,4,IO,29
373,592,8,5,CPU,5
373,592,8,6,IO,16
373,592,8,7,CPU,1
373,592,8,8,IO,20
373,592,8,9,CPU,4
373,592,8,10,IO,25
373,592,8,11,CPU,5
373,592,8,12,IO,26
373,592,8,13,CPU,5
373,592,8,14,IO,22
373,592,8,15,CPU,4
374,594,0,1,CPU,1
374,594,0,2,IO,25
374,594,0,3,CPU,3
374,594,0,4,IO,11
374,594,0,5,CPU,2
374,594,0,6,IO,21
374,594,0,7,CPU,4
374,594,0,8,IO,23
374,594,0,9,CPU,3
374,594,0,10,IO,14
374,594,0,11,CPU,5
374,594,0,12,IO,15
374,594,0,13,CPU,1
375,595,2,1,CPU,5
375,595,2,2,IO,18
375,595,2,3,CPU,5
375,595,2,4,IO,17
375,595,2,5,CPU,2
375,595,2,6,IO,19
375,595,2,7,CPU,3
375,595,2,8,IO,13
375,595,2,9,CPU,1
375,595,2,10,IO,25
375,595,2,11,CPU,5
376,596,7,1,CPU,1
376,596,7,2,IO,16
376,596,7,3,CPU,5
376,596,7,4,IO,13
376,596,7,5,CPU,1
376,596,7,6,IO,29
376,596,7,7,CPU,1
376,596,7,8,IO,23
376,596,7,9,CPU,3
377,596,9,1,CPU,4
377,596,9,2,IO,23
377,596,9,3,CPU,3
377,596,9,4,IO,28
377,596,9,5,CPU,2
377,596,9,6,IO,24
377,596,9,7,CPU,3
377,596,9,8,IO,30
377,596,9,9,CPU,3
377,596,9,10,IO,29
377,596,9,11,CPU,2
377,596,9,12,IO,17
377,596,9,13,CPU,4
377,596,9,14,IO,25
377,596,9,15,CPU,1
378,597,0,1,CPU,4
378,597,0,2,IO,29
378,597,0,3,CPU,3
378,597,0,4,IO,25
378,597,0,5,CPU,5
378,597,0,6,IO,26
378,597,0,7,CPU,3
378,597,0,8,IO,22
378,597,0,9,CPU,3
378,597,0,10,IO,14
378,597,0,11,CPU,1
379,600,4,1,CPU,2
379,600,4,2,IO,13
379,600,4,3,CPU,3
379,600,4,4,IO,17
379,600,4,5,CPU,2
379,600,4,6,IO,19
379,600,4,7,CPU,3
379,600,4,8,IO,23
379,600,4,9,CPU,4
379,600,4,10,IO,14
379,600,4,11,CPU,1
379,600,4,12,IO,27
379,600,4,13,CPU,4
380,602,6,1,CPU,5
380,602,6,2,IO,22
380,602,6,3,CPU,4
380,602,6,4,IO,22
380,602,6,5,CPU,5
380,602,6,6,IO,30
380,602,6,7,CPU,3
380,602,6,8,IO,11
380,602,6,9,CPU,3
380,602,6,10,IO,16
380,602,6,11,CPU,4
380,602,6,12,IO,13
380,602,6,13,CPU,3
381,605,4,1,CPU,1
381,605,4,2,IO,24
381,605,4,3,CPU,2
381,605,4,4,IO,19
381,605,4,5,CPU,1
381,605,4,6,IO,14
381,605,4,7,CPU,1
381,605,4,8,IO,15
381,605,4,9,CPU,1
381,605,4,10,IO,22
381,605,4,11,CPU,3
381,605,4,12,IO,24
381,605,4,13,CPU,4
381,605,4,14,IO,12
381,605,4,15,CPU,5
382,607,0,1,CPU,3
382,607,0,2,IO,23
382,607,0,3,CPU,3
382,607,0,4,IO,22
382,607,0,5,CPU,1
382,607,0,6,IO,28
382,607,0,7,CPU,2
382,607,0,8,IO,23
382,607,0,9,CPU,1
382,607,0,10,IO,27
382,607,0,11,CPU,3
382,607,0,12,IO,21
382,607,0,13,CPU,1
382,607,0,14,IO,13
382,607,0,15,CPU,1
383,610,3,1,CPU,3
383,610,3,2,IO,29
383,610,3,3,CPU,5
383,610,3,4,IO,20
383,610,3,5,CPU,2
383,610,3,6,IO,28
383,610,3,7,CPU,1
383,610,3,8,IO,19
383,610,3,9,CPU,3
383,610,3,10,IO,20
383,610,3,11,CPU,3
383,610,3,12,IO,23
383,610,3,13,CPU,3
384,613,6,1,CPU,5
384,613,6,2,IO,25
384,613,6,3,CPU,4
384,613,6,4,IO,21
384,613,6,5,CPU,2
384,613,6,6,IO,15
384,613,6,7,CPU,3
384,613,6,8,IO,28
384,613,6,9,CPU,1
384,613,6,10,IO,21
384,613,6,11,CPU,4
385,613,2,1,CPU,2
385,613,2,2,IO,29
385,613,2,3,CPU,4
385,613,2,4,IO,28
385,613,2,5,CPU,5
385,613,2,6,IO,14
385,613,2,7,CPU,1
385,613,2,8,IO,21
385,613,2,9,CPU,2
386,614,6,1,CPU,1
386,614,6,2,IO,20
386,614,6,3,CPU,4
386,614,6,4,IO,29
386,614,6,5,CPU,2
386,614,6,6,IO,24
386,614,6,7,CPU,2
386,614,6,8,IO,29
386,614,6,9,CPU,4
387,615,2,1,CPU,4
387,615,2,2,IO,16
387,615,2,3,CPU,2
387,615,2,4,IO,10
387,615,2,5,CPU,2
387,615,2,6,IO,19
387,615,2,7,CPU,2
387,615,2,8,IO,27
387,615,2,9,CPU,5
387,615,2,10,IO,26
387,615,2,11,CPU,3
388,618,6,1,CPU,5
388,618,6,2,IO,23
388,618,6,3,CPU,4
388,618,6,4,IO,11
388,618,6,5,CPU,1
388,618,6,6,IO,15
388,618,6,7,CPU,4
388,618,6,8,IO,18
388,618,6,9,CPU,4
388,618,6,10,IO,12
388,618,6,11,CPU,3
388,618,6,12,IO,29
388,618,6,13,CPU,3
388,618,6,14,IO,21
388,618,6,15,CPU,5
389,620,2,1,CPU,4
389,620,2,2,IO,14
389,620,2,3,CPU,4
389,620,2,4,IO,21
389,620,2,5,CPU,1
389,620,2,6,IO,19
389,620,2,7,CPU,4
389,620,2,8,IO,22
389,620,2,9,CPU,1
389,620,2,10,IO,15
389,620,2,11,CPU,2
390,620,3,1,CPU,3
390,620,3,2,IO,29
390,620,3,3,CPU,3
390,620,3,4,IO,13
390,620,3,5,CPU,3
390,620,3,6,IO,13
390,620,3,7,CPU,5
390,620,3,8,IO,11
390,620,3,9,CPU,2
391,621,4,1,CPU,5
391,621,4,2,IO,22
391,621,4,3,CPU,3
391,621,4,4,IO,20
391,621,4,5,CPU,1
391,621,4,6,IO,28
391,621,4,7,CPU,3
391,621,4,8,IO,18
391,621,4,9,CPU,5
391,621,4,10,IO,24
391,621,4,11,CPU,3
391,621,4,12,IO,13
391,621,4,13,CPU,4
392,624,1,1,CPU,3
392,624,1,2,IO,24
392,624,1,3,CPU,4
392,624,1,4,IO,19
392,624,1,5,CPU,5
392,624,1,6,IO,14
392,624,1,7,CPU,1
392,624,1,8,IO,12
392,624,1,9,CPU,2
393,626,8,1,CPU,4
393,626,8,2,IO,11
393,626,8,3,CPU,3
393,626,8,4,IO,26
393,626,8,5,CPU,1
393,626,8,6,IO,11
393,626,8,7,CPU,1
393,626,8,8,IO,30
393,626,8,9,CPU,2
394,626,9,1,CPU,4
394,626,9,2,IO,24
394,626,9,3,CPU,4
394,626,9,4,IO,17
394,626,9,5,CPU,2
394,626,9,6,IO,27
394,626,9,7,CPU,3
394,626,9,8,IO,23
394,626,9,9,CPU,5
394,626,9,10,IO,13
394,626,9,11,CPU,5
394,626,9,12,IO,11
394,626,9,13,CPU,2
395,629,0,1,CPU,2
395,629,0,2,IO,23
395,629,0,3,CPU,1
395,629,0,4,IO,20
395,629,0,5,CPU,1
395,629,0,6,IO,15
395,629,0,7,CPU,3
395,629,0,8,IO,19
395,629,0,9,CPU,4
395,629,0,10,IO,15
395,629,0,11,CPU,3
396,630,4,1,CPU,5
396,630,4,2,IO,27
396,630,4,3,CPU,4
396,630,4,4,IO,17
396,630,4,5,CPU,4
396,630,4,6,IO,20
396,630,4,7,CPU,3
396,630,4,8,IO,15
396,630,4,9,CPU,2
396,630,4,10,IO,19
396,630,4,11,CPU,2
396,630,4,12,IO,28
396,630,4,13,CPU,1
396,630,4,14,IO,10
396,630,4,15,CPU,3
397,631,1,1,CPU,1
397,631,1,2,IO,10
397,631,1,3,CPU,2
397,631,1,4,IO,26
397,631,1,5,CPU,2
397,631,1,6,IO,18
397,631,1,7,CPU,1
397,631,1,8,IO,24
397,631,1,9,CPU,3
397,631,1,10,IO,25
397,631,1,11,CPU,5
398,633,5,1,CPU,1
398,633,5,2,IO,10
398,633,5,3,CPU,3
398,633,5,4,IO,30
398,633,5,5,CPU,1
398,633,5,6,IO,12
398,633,5,7,CPU,4
398,633,5,8,IO,13
398,633,5,9,CPU,5
398,633,5,10,IO,14
398,633,5,11,CPU,4
398,633,5,12,IO,21
398,633,5,13,CPU,3
398,633,5,14,IO,20
398,633,5,15,CPU,4
399,633,7,1,CPU,5
399,633,7,2,IO,29
399,633,7,3,CPU,1
399,633,7,4,IO,23
399,633,7,5,CPU,4
399,633,7,6,IO,29
399,633,7,7,CPU,2
399,633,7,8,IO,28
399,633,7,9,CPU,3
400,636,6,1,CPU,3
400,636,6,2,IO,15
400,636,6,3,CPU,4
400,636,6,4,IO,17
400,636,6,5,CPU,4
400,636,6,6,IO,17
400,636,6,7,CPU,4
400,636,6,8,IO,20
400,636,6,9,CPU,2
400,636,6,10,IO,15
400,636,6,11,CPU,3
401,637,7,1,CPU,3
401,637,7,2,IO,28
401,637,7,3,CPU,4
401,637,7,4,IO,24
401,637,7,5,CPU,3
401,637,7,6,IO,14
401,637,7,7,CPU,3
401,637,7,8,IO,17
401,637,7,9,CPU,1
402,639,7,1,CPU,1
402,639,7,2,IO,21
402,639,7,3,CPU,4
402,639,7,4,IO,27
402,639,7,5,CPU,1
402,639,7,6,IO,22
402,639,7,7,CPU,2
402,639,7,8,IO,21
402,639,7,9,CPU,1
402,639,7,10,IO,21
402,639,7,11,CPU,5
402,639,7,12,IO,11
402,639,7,13,CPU,4
403,639,5,1,CPU,5
403,639,5,2,IO,20
403,639,5,3,CPU,2
403,639,5,4,IO,13
403,639,5,5,CPU,3
403,639,5,6,IO,28
403,639,5,7,CPU,4
403,639,5,8,IO,29
403,639,5,9,CPU,3
403,639,5,10,IO,18
403,639,5,11,CPU,4
404,642,5,1,CPU,1
404,642,5,2,IO,11
404,642,5,3,CPU,1
404,642,5,4,IO,24
404,642,5,5,CPU,5
404,642,5,6,IO,22
404,642,5,7,CPU,3
404,642,5,8,IO,12
404,642,5,9,CPU,4
404,642,5,10,IO,20
404,642,5,11,CPU,4
405,644,8,1,CPU,4
405,644,8,2,IO,12
405,644,8,3,CPU,2
405,644,8,4,IO,30
405,644,8,5,CPU,3
405,644,8,6,IO,22
405,644,8,7,CPU,4
405,644,8,8,IO,14
405,644,8,9,CPU,3
405,644,8,10,IO,13
405,644,8,11,CPU,3
405,644,8,12,IO,28
405,644,8,13,CPU,3
406,644,1,1,CPU,5
406,644,1,2,IO,23
406,644,1,3,CPU,5
406,644,1,4,IO,13
406,644,1,5,CPU,3
406,644,1,6,IO,16
406,644,1,7,CPU,3
406,644,1,8,IO,23
406,644,1,9,CPU,3
406,644,1,10,IO,14
406,644,1,11,CPU,2
407,646,1,1,CPU,5
407,646,1,2,IO,14
407,646,1,3,CPU,1
407,646,1,4,IO,15
407,646,1,5,CPU,3
407,646,1,6,IO,27
407,646,1,7,CPU,5
407,646,1,8,IO,14
407,646,1,9,CPU,2
407,646,1,10,IO,28
407,646,1,11,CPU,3
407,646,1,12,IO,19
407,646,1,13,CPU,5
407,646,1,14,IO,19
407,646,1,15,CPU,4
408,647,0,1,CPU,2
408,647,0,2,IO,16
408,647,0,3,CPU,4
408,647,0,4,IO,22
408,647,0,5,CPU,3
408,647,0,6,IO,24
408,647,0,7,CPU,3
408,647,0,8,IO,19
408,647,0,9,CPU,2
408,647,0,10,IO,15
408,647,0,11,CPU,3
409,648,4,1,CPU,3
409,648,4,2,IO,13
409,648,4,3,CPU,5
409,648,4,4,IO,17
409,648,4,5,CPU,4
409,648,4,6,IO,11
409,648,4,7,CPU,5
409,648,4,8,IO,20
409,648,4,9,CPU,3
409,648,4,10,IO,10
409,648,4,11,CPU,3
410,651,7,1,CPU,5
410,651,7,2,IO,29
410,651,7,3,CPU,4
410,651,7,4,IO,16
410,651,7,5,CPU,4
410,651,7,6,IO,26
410,651,7,7,CPU,5
410,651,7,8,IO,19
410,651,7,9,CPU,5
410,651,7,10,IO,20
410,651,7,11,CPU,1
410,651,7,12,IO,20
410,651,7,13,CPU,2
410,651,7,14,IO,16
410,651,7,15,CPU,5
411,653,8,1,CPU,3
411,653,8,2,IO,28
411,653,8,3,CPU,4
411,653,8,4,IO,17
411,653,8,5,CPU,2
411,653,8,6,IO,26
411,653,8,7,CPU,3
411,653,8,8,IO,12
411,653,8,9,CPU,1
411,653,8,10,IO,26
411,653,8,11,CPU,1
412,655,5,1,CPU,5
412,655,5,2,IO,25
412,655,5,3,CPU,5
412,655,5,4,IO,23
412,655,5,5,CPU,1
412,655,5,6,IO,16
412,655,5,7,CPU,5
412,655,5,8,IO,11
412,655,5,9,CPU,3
412,655,5,10,IO,21
412,655,5,11,CPU,4
413,658,5,1,CPU,1
413,658,5,2,IO,14
413,658,5,3,CPU,3
413,658,5,4,IO,29
413,658,5,5,CPU,3
413,658,5,6,IO,18
413,658,5,7,CPU,2
413,658,5,8,IO,28
413,658,5,9,CPU,1
413,658,5,10,IO,23
413,658,5,11,CPU,2
413,658,5,12,IO,18
413,658,5,13,CPU,5
413,658,5,14,IO,16
413,658,5,15,CPU,2
414,660,0,1,CPU,3
414,660,0,2,IO,11
414,660,0,3,CPU,1
414,660,0,4,IO,20
414,660,0,5,CPU,4
414,660,0,6,IO,26
414,660,0,7,CPU,1
414,660,0,8,IO,12
414,660,0,9,CPU,1
415,660,0,1,CPU,2
415,660,0,2,IO,10
415,660,0,3,CPU,1
415,660,0,4,IO,25
415,660,0,5,CPU,2
415,660,0,6,IO,14
415,660,0,7,CPU,5
415,660,0,8,IO,16
415,660,0,9,CPU,5
415,660,0,10,IO,16
415,660,0,11,CPU,5
415,660,0,12,IO,27
415,660,0,13,CPU,3
415,660,0,14,IO,28
415,660,0,15,CPU,4
416,661,1,1,CPU,1
416,661,1,2,IO,20
416,661,1,3,CPU,4
416,661,1,4,IO,23
416,661,1,5,CPU,1
416,661,1,6,IO,23
416,661,1,7,CPU,1
416,661,1,8,IO,23
416,661,1,9,CPU,1
416,661,1,10,IO,22
416,661,1,11,CPU,5
416,661,1,12,IO,17
416,661,1,13,CPU,5
416,661,1,14,IO,24
416,661,1,15,CPU,3
417,661,8,1,CPU,3
417,661,8,2,IO,18
417,661,8,3,CPU,2
417,661,8,4,IO,13
417,661,8,5,CPU,5
417,661,8,6,IO,14
417,661,8,7,CPU,1
417,661,8,8,IO,13
417,661,8,9,CPU,4
417,661,8,10,IO,23
417,661,8,11,CPU,3
417,661,8,12,IO,28
417,661,8,13,CPU,5
418,661,8,1,CPU,5
418,661,8,2,IO,20
418,661,8,3,CPU,5
418,661,8,4,IO,25
418,661,8,5,CPU,1
418,661,8,6,IO,26
418,661,8,7,CPU,4
418,661,8,8,IO,27
418,661,8,9,CPU,4
418,661,8,10,IO,13
418,661,8,11,CPU,1
418,661,8,12,IO,17
418,661,8,13,CPU,1
418,661,8,14,IO,15
418,661,8,15,CPU,2
419,661,7,1,CPU,4
419,661,7,2,IO,30
419,661,7,3,CPU,3
419,661,7,4,IO,12
419,661,7,5,CPU,5
419,661,7,6,IO,16
419,661,7,7,CPU,1
419,661,7,8,IO,30
419,661,7,9,CPU,4
419,661,7,10,IO,12
419,661,7,11,CPU,1
419,661,7,12,IO,27
419,661,7,13,CPU,2
420,663,3,1,CPU,1
420,663,3,2,IO,26
420,663,3,3,CPU,3
420,663,3,4,IO,22
420,663,3,5,CPU,3
420,663,3,6,IO,23
420,663,3,7,CPU,1
420,663,3,8,IO,16
420,663,3,9,CPU,5
421,663,8,1,CPU,5
421,663,8,2,IO,25
421,663,8,3,CPU,3
421,663,8,4,IO,26
421,663,8,5,CPU,1
421,663,8,6,IO,27
421,663,8,7,CPU,4
421,663,8,8,IO,24
421,663,8,9,CPU,1
422,665,9,1,CPU,3
422,665,9,2,IO,15
422,665,9,3,CPU,5
422,665,9,4,IO,21
422,665,9,5,CPU,2
422,665,9,6,IO,22
422,665,9,7,CPU,2
422,665,9,8,IO,30
422,665,9,9,CPU,4
422,665,9,10,IO,24
422,665,9,11,CPU,1
422,665,9,12,IO,14
422,665,9,13,CPU,2
423,666,5,1,CPU,1
423,666,5,2,IO,27
423,666,5,3,CPU,1
423,666,5,4,IO,19
423,666,5,5,CPU,1
423,666,5,6,IO,24
423,666,5,7,CPU,2
423,666,5,8,IO,25
423,666,5,9,CPU,3
423,666,5,10,IO,19
423,666,5,11,CPU,4
423,666,5,12,IO,15
423,666,5,13,CPU,1
424,668,0,1,CPU,1
424,668,0,2,IO,12
424,668,0,3,CPU,4
424,668,0,4,IO,20
424,668,0,5,CPU,1
424,668,0,6,IO,28
424,668,0,7,CPU,3
424,668,0,8,IO,29
424,668,0,9,CPU,4
424,668,0,10,IO,12
424,668,0,11,CPU,2
424,668,0,12,IO,14
424,668,0,13,CPU,5
424,668,0,14,IO,12
424,668,0,15,CPU,1
425,671,0,1,CPU,4
425,671,0,2,IO,25
425,671,0,3,CPU,4
425,671,0,4,IO,28
425,671,0,5,CPU,5
425,671,0,6,IO,21
425,671,0,7,CPU,5
425,671,0,8,IO,11
425,671,0,9,CPU,2
425,671,0,10,IO,10
425,671,0,11,CPU,4
425,671,0,12,IO,26
425,671,0,13,CPU,2
426,671,2,1,CPU,4
426,671,2,2,IO,22
426,671,2,3,CPU,2
426,671,2,4,IO,16
426,671,2,5,CPU,3
426,671,2,6,IO,16
426,671,2,7,CPU,5
426,671,2,8,IO,19
426,671,2,9,CPU,5
426,671,2,10,IO,30
426,671,2,11,CPU,4
426,671,2,12,IO,22
426,671,2,13,CPU,1
426,671,2,14,IO,26
426,671,2,15,CPU,2
427,671,4,1,CPU,5
427,671,4,2,IO,28
427,671,4,3,CPU,3
427,671,4,4,IO,18
427,671,4,5,CPU,5
427,671,4,6,IO,22
427,671,4,7,CPU,3
427,671,4,8,IO,19
427,671,4,9,CPU,1
427,671,4,10,IO,11
427,671,4,11,CPU,3
427,671,4,12,IO,11
427,671,4,13,CPU,4
427,671,4,14,IO,30
427,671,4,15,CPU,1
428,673,9,1,CPU,5
428,673,9,2,IO,28
428,673,9,3,CPU,4
428,673,9,4,IO,27
428,673,9,5,CPU,3
428,673,9,6,IO,11
428,673,9,7,CPU,4
428,673,9,8,IO,29
428,673,9,9,CPU,3
428,673,9,10,IO,13
428,673,9,11,CPU,4
429,673,1,1,CPU,2
429,673,1,2,IO,22
429,673,1,3,CPU,1
429,673,1,4,IO,15
429,673,1,5,CPU,1
429,673,1,6,IO,14
429,673,1,7,CPU,2
429,673,1,8,IO,15
429,673,1,9,CPU,3
429,673,1,10,IO,29
429,673,1,11,CPU,5
430,675,1,1,CPU,1
430,675,1,2,IO,23
430,675,1,3,CPU,4
430,675,1,4,IO,14
430,675,1,5,CPU,2
430,675,1,6,IO,26
430,675,1,7,CPU,4
430,675,1,8,IO,17
430,675,1,9,CPU,4
431,676,5,1,CPU,2
431,676,5,2,IO,24
431,676,5,3,CPU,2
431,676,5,4,IO,10
431,676,5,5,CPU,5
431,676,5,6,IO,25
431,676,5,7,CPU,5
431,676,5,8,IO,23
431,676,5,9,CPU,1
431,676,5,10,IO,29
431,676,5,11,CPU,5
431,676,5,12,IO,18
431,676,5,13,CPU,1
432,678,9,1,CPU,1
432,678,9,2,IO,19
432,678,9,3,CPU,5
432,678,9,4,IO,21
432,678,9,5,CPU,4
432,678,9,6,IO,25
432,678,9,7,CPU,3
432,678,9,8,IO,16
432,678,9,9,CPU,5
433,679,7,1,CPU,4
433,679,7,2,IO,25
433,679,7,3,CPU,1
433,679,7,4,IO,15
433,679,7,5,CPU,1
433,679,7,6,IO,26
433,679,7,7,CPU,4
433,679,7,8,IO,12
433,679,7,9,CPU,1
433,679,7,10,IO,13
433,679,7,11,CPU,2
434,679,7,1,CPU,3
434,679,7,2,IO,14
434,679,7,3,CPU,4
434,679,7,4,IO,29
434,679,7,5,CPU,4
434,679,7,6,IO,12
434,679,7,7,CPU,3
434,679,7,8,IO,27
434,679,7,9,CPU,3
435,681,1,1,CPU,3
435,681,1,2,IO,30
435,681,1,3,CPU,2
435,681,1,4,IO,27
435,681,1,5,CPU,1
435,681,1,6,IO,20
435,681,1,7,CPU,1
435,681,1,8,IO,16
435,681,1,9,CPU,4
435,681,1,10,IO,21
435,681,1,11,CPU,4
435,681,1,12,IO,10
435,681,1,13,CPU,3
435,681,1,14,IO,30
435,681,1,15,CPU,1
436,682,2,1,CPU,5
436,682,2,2,IO,19
436,682,2,3,CPU,5
436,682,2,4,IO,16
436,682,2,5,CPU,5
436,682,2,6,IO,26
436,682,2,7,CPU,2
436,682,2,8,IO,20
436,682,2,9,CPU,5
436,682,2,10,IO,21
436,682,2,11,CPU,1
436,682,2,12,IO,30
436,682,2,13,CPU,2
437,682,2,1,CPU,3
437,682,2,2,IO,20
437,682,2,3,CPU,3
437,682,2,4,IO,12
437,682,2,5,CPU,2
437,682,2,6,IO,20
437,682,2,7,CPU,3
437,682,2,8,IO,23
437,682,2,9,CPU,5
437,682,2,10,IO,13
437,682,2,11,CPU,5
437,682,2,12,IO,20
437,682,2,13,CPU,1
437,682,2,14,IO,24
437,682,2,15,CPU,5
438,682,5,1,CPU,5
438,682,5,2,IO,20
438,682,5,3,CPU,2
438,682,5,4,IO,22
438,682,5,5,CPU,2
438,682,5,6,IO,26
438,682,5,7,CPU,5
438,682,5,8,IO,16
438,682,5,9,CPU,5
438,682,5,10,IO,26
438,682,5,11,CPU,5
439,685,5,1,CPU,1
439,685,5,2,IO,11
439,685,5,3,CPU,1
439,685,5,4,IO,13
439,685,5,5,CPU,1
439,685,5,6,IO,21
439,685,5,7,CPU,3
439,685,5,8,IO,22
439,685,5,9,CPU,1
440,686,2,1,CPU,5
440,686,2,2,IO,25
440,686,2,3,CPU,5
440,686,2,4,IO,10
440,686,2,5,CPU,4
440,686,2,6,IO,23
440,686,2,7,CPU,2
440,686,2,8,IO,27
440,686,2,9,CPU,3
440,686,2,10,IO,23
440,686,2,11,CPU,3
440,686,2,12,IO,26
440,686,2,13,CPU,5
441,686,4,1,CPU,2
441,686,4,2,IO,20
441,686,4,3,CPU,2
441,686,4,4,IO,27
441,686,4,5,CPU,4
441,686,4,6,IO,23
441,686,4,7,CPU,2
441,686,4,8,IO,11
441,686,4,9,CPU,2
441,686,4,10,IO,26
441,686,4,11,CPU,3
442,687,3,1,CPU,4
442,687,3,2,IO,17
442,687,3,3,CPU,5
442,687,3,4,IO,23
442,687,3,5,CPU,4
442,687,3,6,IO,24
442,687,3,7,CPU,2
442,687,3,8,IO,22
442,687,3,9,CPU,5
443,689,8,1,CPU,4
443,689,8,2,IO,15
443,689,8,3,CPU,3
443,689,8,4,IO,28
443,689,8,5,CPU,1
443,689,8,6,IO,29
443,689,8,7,CPU,4
443,689,8,8,IO,13
443,689,8,9,CPU,5
443,689,8,10,IO,18
443,689,8,11,CPU,2
443,689,8,12,IO,16
443,689,8,13,CPU,1
443,689,8,14,IO,16
443,689,8,15,CPU,2
444,692,2,1,CPU,5
444,692,2,2,IO,17
444,692,2,3,CPU,2
444,692,2,4,IO,22
444,692,2,5,CPU,2
444,692,2,6,IO,15
444,692,2,7,CPU,1
444,692,2,8,IO,19
444,692,2,9,CPU,4
444,692,2,10,IO,25
444,692,2,11,CPU,2
445,695,3,1,CPU,3
445,695,3,2,IO,11
445,695,3,3,CPU,1
445,695,3,4,IO,29
445,695,3,5,CPU,5
445,695,3,6,IO,25
445,695,3,7,CPU,3
445,695,3,8,IO,28
445,695,3,9,CPU,2
445,695,3,10,IO,15
445,695,3,11,CPU,5
445,695,3,12,IO,16
445,695,3,13,CPU,2
445,695,3,14,IO,21
445,695,3,15,CPU,4
446,697,8,1,CPU,2
446,697,8,2,IO,10
446,697,8,3,CPU,1
446,697,8,4,IO,20
446,697,8,5,CPU,2
446,697,8,6,IO,21
446,697,8,7,CPU,2
446,697,8,8,IO,18
446,697,8,9,CPU,2
447,697,4,1,CPU,1
447,697,4,2,IO,10
447,697,4,3,CPU,3
447,697,4,4,IO,17
447,697,4,5,CPU,4
447,697,4,6,IO,12
447,697,4,7,CPU,2
447,697,4,8,IO,13
447,697,4,9,CPU,4
448,697,4,1,CPU,1
448,697,4,2,IO,18
448,697,4,3,CPU,2
448,697,4,4,IO,16
448,697,4,5,CPU,3
448,697,4,6,IO,18
448,697,4,7,CPU,2
448,697,4,8,IO,18
448,697,4,9,CPU,1
448,697,4,10,IO,26
448,697,4,11,CPU,4
448,697,4,12,IO,28
448,697,4,13,CPU,4
449,699,7,1,CPU,3
449,699,7,2,IO,28
449,699,7,3,CPU,3
449,699,7,4,IO,20
449,699,7,5,CPU,4
449,699,7,6,IO,23
449,699,7,7,CPU,2
449,699,7,8,IO,25
449,699,7,9,CPU,3
449,699,7,10,IO,13
449,699,7,11,CPU,3
450,700,8,1,CPU,2
450,700,8,2,IO,29
450,700,8,3,CPU,3
450,700,8,4,IO,26
450,700,8,5,CPU,1
450,700,8,6,IO,29
450,700,8,7,CPU,2
450,700,8,8,IO,24
450,700,8,9,CPU,4
450,700,8,10,IO,19
450,700,8,11,CPU,4
450,700,8,12,IO,14
450,700,8,13,CPU,3
451,702,2,1,CPU,4
451,702,2,2,IO,25
451,702,2,3,CPU,1
451,702,2,4,IO,27
451,702,2,5,CPU,4
451,702,2,6,IO,29
451,702,2,7,CPU,2
451,702,2,8,IO,18
451,702,2,9,CPU,1
451,702,2,10,IO,25
451,702,2,11,CPU,4
452,705,3,1,CPU,3
452,705,3,2,IO,23
452,705,3,3,CPU,3
452,705,3,4,IO,30
452,705,3,5,CPU,2
452,705,3,6,IO,16
452,705,3,7,CPU,3
452,705,3,8,IO,20
452,705,3,9,CPU,3
452,705,3,10,IO,12
452,705,3,11,CPU,1
452,705,3,12,IO,27
452,705,3,13,CPU,2
453,706,6,1,CPU,2
453,706,6,2,IO,27
453,706,6,3,CPU,3
453,706,6,4,IO,29
453,706,6,5,CPU,4
453,706,6,6,IO,25
453,706,6,7,CPU,1
453,706,6,8,IO,27
453,706,6,9,CPU,3
453,706,6,10,IO,25
453,706,6,11,CPU,2
453,706,6,12,IO,13
453,706,6,13,CPU,1
453,706,6,14,IO,21
453,706,6,15,CPU,5
454,708,4,1,CPU,2
454,708,4,2,IO,19
454,708,4,3,CPU,1
454,708,4,4,IO,14
454,708,4,5,CPU,2
454,708,4,6,IO,19
454,708,4,7,CPU,3
454,708,4,8,IO,14
454,708,4,9,CPU,1
454,708,4,10,IO,27
454,708,4,11,CPU,3
454,708,4,12,IO,13
454,708,4,13,CPU,3
455,711,1,1,CPU,4
455,711,1,2,IO,11
455,711,1,3,CPU,1
455,711,1,4,IO,18
455,711,1,5,CPU,4
455,711,1,6,IO,30
455,711,1,7,CPU,1
455,711,1,8,IO,10
455,711,1,9,CPU,1
456,712,1,1,CPU,2
456,712,1,2,IO,10
456,712,1,3,CPU,2
456,712,1,4,IO,28
456,712,1,5,CPU,4
456,712,1,6,IO,19
456,712,1,7,CPU,3
456,712,1,8,IO,17
456,712,1,9,CPU,4
456,712,1,10,IO,18
456,712,1,11,CPU,2
456,712,1,12,IO,20
456,712,1,13,CPU,5
456,712,1,14,IO,23
456,712,1,15,CPU,1
457,715,9,1,CPU,4
457,715,9,2,IO,20
457,715,9,3,CPU,3
457,715,9,4,IO,15
457,715,9,5,CPU,2
457,715,9,6,IO,13
457,715,9,7,CPU,5
457,715,9,8,IO,17
457,715,9,9,CPU,1
457,715,9,10,IO,10
457,715,9,11,CPU,4
458,715,4,1,CPU,3
458,715,4,2,IO,21
458,715,4,3,CPU,2
458,715,4,4,IO,14
458,715,4,5,CPU,1
458,715,4,6,IO,17
458,715,4,7,CPU,2
458,715,4,8,IO,13
458,715,4,9,CPU,3
458,715,4,10,IO,14
458,715,4,11,CPU,3
458,715,4,12,IO,16
458,715,4,13,CPU,4
458,715,4,14,IO,24
458,715,4,15,CPU,1
459,717,3,1,CPU,1
459,717,3,2,IO,16
459,717,3,3,CPU,3
459,717,3,4,IO,13
459,717,3,5,CPU,2
459,717,3,6,IO,18
459,717,3,7,CPU,5
459,717,3,8,IO,17
459,717,3,9,CPU,4
459,717,3,10,IO,26
459,717,3,11,CPU,2
459,717,3,12,IO,11
459,717,3,13,CPU,2
460,718,3,1,CPU,3
460,718,3,2,IO,12
460,718,3,3,CPU,3
460,718,3,4,IO,17
460,718,3,5,CPU,1
460,718,3,6,IO,22
460,718,3,7,CPU,3
460,718,3,8,IO,23
460,718,3,9,CPU,4
460,718,3,10,IO,28
460,718,3,11,CPU,5
460,718,3,12,IO,12
460,718,3,13,CPU,1
461,720,6,1,CPU,2
461,720,6,2,IO,28
461,720,6,3,CPU,2
461,720,6,4,IO,15
461,720,6,5,CPU,2
461,720,6,6,IO,10
461,720,6,7,CPU,1
461,720,6,8,IO,20
461,720,6,9,CPU,3
461,720,6,10,IO,14
461,720,6,11,CPU,2
462,721,5,1,CPU,2
462,721,5,2,IO,30
462,721,5,3,CPU,4
462,721,5,4,IO,10
462,721,5,5,CPU,5
462,721,5,6,IO,22
462,721,5,7,CPU,3
462,721,5,8,IO,24
462,721,5,9,CPU,3
462,721,5,10,IO,12
462,721,5,11,CPU,1
462,721,5,12,IO,21
462,721,5,13,CPU,3
462,721,5,14,IO,28
462,721,5,15,CPU,1
463,723,0,1,CPU,4
463,723,0,2,IO,27
463,723,0,3,CPU,1
463,723,0,4,IO,22
463,723,0,5,CPU,1
463,723,0,6,IO,14
463,723,0,7,CPU,4
463,723,0,8,IO,26
463,723,0,9,CPU,3
464,723,2,1,CPU,4
464,723,2,2,IO,25
464,723,2,3,CPU,3
464,723,2,4,IO,29
464,723,2,5,CPU,2
464,723,2,6,IO,29
464,723,2,7,CPU,4
464,723,2,8,IO,28
464,723,2,9,CPU,3
464,723,2,10,IO,15
464,723,2,11,CPU,2
464,723,2,12,IO,25
464,723,2,13,CPU,5
465,723,1,1,CPU,3
465,723,1,2,IO,17
465,723,1,3,CPU,5
465,723,1,4,IO,17
465,723,1,5,CPU,1
465,723,1,6,IO,24
465,723,1,7,CPU,5
465,723,1,8,IO,21
465,723,1,9,CPU,2
465,723,1,10,IO,15
465,723,1,11,CPU,3
465,723,1,12,IO,12
465,723,1,13,CPU,5
466,725,9,1,CPU,4
466,725,9,2,IO,26
466,725,9,3,CPU,4
466,725,9,4,IO,23
466,725,9,5,CPU,4
466,725,9,6,IO,30
466,725,9,7,CPU,3
466,725,9,8,IO,16
466,725,9,9,CPU,4
467,727,1,1,CPU,4
467,727,1,2,IO,29
467,727,1,3,CPU,3
467,727,1,4,IO,19
467,727,1,5,CPU,5
467,727,1,6,IO,28
467,727,1,7,CPU,3
467,727,1,8,IO,30
467,727,1,9,CPU,4
467,727,1,10,IO,18
467,727,1,11,CPU,4
467,727,1,12,IO,19
467,727,1,13,CPU,5
468,728,6,1,CPU,3
468,728,6,2,IO,15
468,728,6,3,CPU,3
468,728,6,4,IO,13
468,728,6,5,CPU,3
468,728,6,6,IO,11
468,728,6,7,CPU,2
468,728,6,8,IO,20
468,728,6,9,CPU,1
468,728,6,10,IO,26
468,728,6,11,CPU,3
468,728,6,12,IO,11
468,728,6,13,CPU,2
468,728,6,14,IO,21
468,728,6,15,CPU,5
469,729,6,1,CPU,5
469,729,6,2,IO,15
469,729,6,3,CPU,4
469,729,6,4,IO,18
469,729,6,5,CPU,4
469,729,6,6,IO,11
469,729,6,7,CPU,4
469,729,6,8,IO,14
469,729,6,9,CPU,3
469,729,6,10,IO,13
469,729,6,11,CPU,2
470,729,1,1,CPU,1
470,729,1,2,IO,12
470,729,1,3,CPU,3
470,729,1,4,IO,25
470,729,1,5,CPU,2
470,729,1,6,IO,30
470,729,1,7,CPU,1
470,729,1,8,IO,23
470,729,1,9,CPU,4
470,729,1,10,IO,29
470,729,1,11,CPU,1
470,729,1,12,IO,20
470,729,1,13,CPU,1
471,729,9,1,CPU,3
471,729,9,2,IO,26
471,729,9,3,CPU,2
471,729,9,4,IO,29
471,729,9,5,CPU,2
471,729,9,6,IO,12
471,729,9,7,CPU,2
471,729,9,8,IO,17
471,729,9,9,CPU,2
471,729,9,10,IO,21
471,729,9,11,CPU,2
471,729,9,12,IO,26
471,729,9,13,CPU,4
472,730,9,1,CPU,1
472,730,9,2,IO,19
472,730,9,3,CPU,4
472,730,9,4,IO,13
472,730,9,5,CPU,5
472,730,9,6,IO,28
472,730,9,7,CPU,2
472,730,9,8,IO,24
472,730,9,9,CPU,1
472,730,9,10,IO,19
472,730,9,11,CPU,2
472,730,9,12,IO,14
472,730,9,13,CPU,2
473,730,5,1,CPU,3
473,730,5,2,IO,27
473,730,5,3,CPU,4
473,730,5,4,IO,27
473,730,5,5,CPU,3
473,730,5,6,IO,12
473,730,5,7,CPU,3
473,730,5,8,IO,15
473,730,5,9,CPU,2
473,730,5,10,IO,10
473,730,5,11,CPU,1
473,730,5,12,IO,15
473,730,5,13,CPU,3
473,730,5,14,IO,25
473,730,5,15,CPU,3
474,731,2,1,CPU,4
474,731,2,2,IO,14
474,731,2,3,CPU,4
474,731,2,4,IO,15
474,731,2,5,CPU,3
474,731,2,6,IO,14
474,731,2,7,CPU,5
474,731,2,8,IO,26
474,731,2,9,CPU,1
475,733,0,1,CPU,1
475,733,0,2,IO,25
475,733,0,3,CPU,1
475,733,0,4,IO,24
475,733,0,5,CPU,5
475,733,0,6,IO,25
475,733,0,7,CPU,1
475,733,0,8,IO,17
475,733,0,9,CPU,5
475,733,0,10,IO,18
475,733,0,11,CPU,4
476,734,9,1,CPU,2
476,734,9,2,IO,13
476,734,9,3,CPU,5
476,734,9,4,IO,15
476,734,9,5,CPU,2
476,734,9,6,IO,21
476,734,9,7,CPU,2
476,734,9,8,IO,28
476,734,9,9,CPU,5
476,734,9,10,IO,11
476,734,9,11,CPU,1
476,734,9,12,IO,15
476,734,9,13,CPU,1
476,734,9,14,IO,28
476,734,9,15,CPU,3
477,735,5,1,CPU,2
477,735,5,2,IO,25
477,735,5,3,CPU,1
477,735,5,4,IO,26
477,735,5,5,CPU,1
477,735,5,6,IO,11
477,735,5,7,CPU,2
477,735,5,8,IO,18
477,735,5,9,CPU,5
478,738,1,1,CPU,3
478,738,1,2,IO,24
478,738,1,3,CPU,5
478,738,1,4,IO,28
478,738,1,5,CPU,5
478,738,1,6,IO,19
478,738,1,7,CPU,4
478,738,1,8,IO,11
478,738,1,9,CPU,2
478,738,1,10,IO,12
478,738,1,11,CPU,4
478,738,1,12,IO,17
478,738,1,13,CPU,3
478,738,1,14,IO,22
478,738,1,15,CPU,4
479,741,3,1,CPU,4
479,741,3,2,IO,18
479,741,3,3,CPU,2
479,741,3,4,IO,11
479,741,3,5,CPU,4
479,741,3,6,IO,23
479,741,3,7,CPU,2
479,741,3,8,IO,25
479,741,3,9,CPU,1
479,741,3,10,IO,23
479,741,3,11,CPU,2
480,744,0,1,CPU,5
480,744,0,2,IO,24
480,744,0,3,CPU,1
480,744,0,4,IO,20
480,744,0,5,CPU,3
480,744,0,6,IO,28
480,744,0,7,CPU,1
480,744,0,8,IO,30
480,744,0,9,CPU,3
480,744,0,10,IO,26
480,744,0,11,CPU,5
481,744,1,1,CPU,2
481,744,1,2,IO,22
481,744,1,3,CPU,2
481,744,1,4,IO,16
481,744,1,5,CPU,5
481,744,1,6,IO,23
481,744,1,7,CPU,3
481,744,1,8,IO,18
481,744,1,9,CPU,3
481,744,1,10,IO,18
481,744,1,11,CPU,3
481,744,1,12,IO,29
481,744,1,13,CPU,4
482,745,7,1,CPU,3
482,745,7,2,IO,22
482,745,7,3,CPU,1
482,745,7,4,IO,30
482,745,7,5,CPU,3
482,745,7,6,IO,10
482,745,7,7,CPU,5
482,745,7,8,IO,12
482,745,7,9,CPU,2
483,747,8,1,CPU,5
483,747,8,2,IO,28
483,747,8,3,CPU,3
483,747,8,4,IO,27
483,747,8,5,CPU,2
483,747,8,6,IO,23
483,747,8,7,CPU,5
483,747,8,8,IO,14
483,747,8,9,CPU,4
483,747,8,10,IO,20
483,747,8,11,CPU,3
483,747,8,12,IO,10
483,747,8,13,CPU,4
483,747,8,14,IO,22
483,747,8,15,CPU,4
484,749,0,1,CPU,3
484,749,0,2,IO,25
484,749,0,3,CPU,3
484,749,0,4,IO,10
484,749,0,5,CPU,3
484,749,0,6,IO,15
484,749,0,7,CPU,5
484,749,0,8,IO,29
484,749,0,9,CPU,3
485,751,8,1,CPU,1
485,751,8,2,IO,19
485,751,8,3,CPU,3
485,751,8,4,IO,14
485,751,8,5,CPU,3
485,751,8,6,IO,12
485,751,8,7,CPU,5
485,751,8,8,IO,16
485,751,8,9,CPU,3
485,751,8,10,IO,14
485,751,8,11,CPU,4
485,751,8,12,IO,27
485,751,8,13,CPU,4
486,753,5,1,CPU,3
486,753,5,2,IO,21
486,753,5,3,CPU,3
486,753,5,4,IO,17
486,753,5,5,CPU,2
486,753,5,6,IO,29
486,753,5,7,CPU,5
486,753,5,8,IO,14
486,753,5,9,CPU,4
486,753,5,10,IO,11
486,753,5,11,CPU,2
486,753,5,12,IO,30
486,753,5,13,CPU,3
486,753,5,14,IO,20
486,753,5,15,CPU,2
487,754,5,1,CPU,4
487,754,5,2,IO,28
487,754,5,3,CPU,1
487,754,5,4,IO,26
487,754,5,5,CPU,1
487,754,5,6,IO,30
487,754,5,7,CPU,3
487,754,5,8,IO,27
487,754,5,9,CPU,3
488,756,3,1,CPU,3
488,756,3,2,IO,24
488,756,3,3,CPU,4
488,756,3,4,IO,19
488,756,3,5,CPU,3
488,756,3,6,IO,27
488,756,3,7,CPU,2
488,756,3,8,IO,10
488,756,3,9,CPU,5
488,756,3,10,IO,20
488,756,3,11,CPU,5
489,756,3,1,CPU,2
489,756,3,2,IO,11
489,756,3,3,CPU,5
489,756,3,4,IO,10
489,756,3,5,CPU,4
489,756,3,6,IO,18
489,756,3,7,CPU,1
489,756,3,8,IO,30
489,756,3,9,CPU,4
489,756,3,10,IO,10
489,756,3,11,CPU,5
490,759,9,1,CPU,3
490,759,9,2,IO,18
490,759,9,3,CPU,2
490,759,9,4,IO,17
490,759,9,5,CPU,2
490,759,9,6,IO,26
490,759,9,7,CPU,4
490,759,9,8,IO,16
490,759,9,9,CPU,5
491,762,2,1,CPU,2
491,762,2,2,IO,29
491,762,2,3,CPU,3
491,762,2,4,IO,26
491,762,2,5,CPU,4
491,762,2,6,IO,25
491,762,2,7,CPU,5
491,762,2,8,IO,27
491,762,2,9,CPU,3
491,762,2,10,IO,12
491,762,2,11,CPU,3
492,762,5,1,CPU,5
492,762,5,2,IO,16
492,762,5,3,CPU,2
492,762,5,4,IO,22
492,762,5,5,CPU,1
492,762,5,6,IO,19
492,762,5,7,CPU,4
492,762,5,8,IO,21
492,762,5,9,CPU,2
492,762,5,10,IO,10
492,762,5,11,CPU,4
493,763,6,1,CPU,5
493,763,6,2,IO,19
493,763,6,3,CPU,5
493,763,6,4,IO,25
493,763,6,5,CPU,2
493,763,6,6,IO,13
493,763,6,7,CPU,3
493,763,6,8,IO,21
493,763,6,9,CPU,3
494,765,9,1,CPU,2
494,765,9,2,IO,26
494,765,9,3,CPU,4
494,765,9,4,IO,17
494,765,9,5,CPU,1
494,765,9,6,IO,25
494,765,9,7,CPU,1
494,765,9,8,IO,15
494,765,9,9,CPU,1
494,765,9,10,IO,16
494,765,9,11,CPU,3
495,766,9,1,CPU,5
495,766,9,2,IO,10
495,766,9,3,CPU,3
495,766,9,4,IO,19
495,766,9,5,CPU,1
495,766,9,6,IO,11
495,766,9,7,CPU,3
495,766,9,8,IO,27
495,766,9,9,CPU,3
495,766,9,10,IO,16
495,766,9,11,CPU,4
495,766,9,12,IO,27
495,766,9,13,CPU,5
496,766,2,1,CPU,5
496,766,2,2,IO,28
496,766,2,3,CPU,2
496,766,2,4,IO,12
496,766,2,5,CPU,1
496,766,2,6,IO,24
496,766,2,7,CPU,2
496,766,2,8,IO,21
496,766,2,9,CPU,5
496,766,2,10,IO,11
496,766,2,11,CPU,2
497,766,1,1,CPU,4
497,766,1,2,IO,23
497,766,1,3,CPU,3
497,766,1,4,IO,14
497,766,1,5,CPU,3
497,766,1,6,IO,17
497,766,1,7,CPU,1
497,766,1,8,IO,11
497,766,1,9,CPU,1
498,769,5,1,CPU,2
498,769,5,2,IO,18
498,769,5,3,CPU,3
498,769,5,4,IO,16
498,769,5,5,CPU,5
498,769,5,6,IO,20
498,769,5,7,CPU,3
498,769,5,8,IO,21
498,769,5,9,CPU,2
499,769,7,1,CPU,5
499,769,7,2,IO,17
499,769,7,3,CPU,1
499,769,7,4,IO,12
499,769,7,5,CPU,4
499,769,7,6,IO,10
499,769,7,7,CPU,2
499,769,7,8,IO,22
499,769,7,9,CPU,1
499,769,7,10,IO,21
499,769,7,11,CPU,3
499,769,7,12,IO,30
499,769,7,13,CPU,1
499,769,7,14,IO,23
499,769,7,15,CPU,3
500,769,5,1,CPU,4
500,769,5,2,IO,26
500,769,5,3,CPU,3
500,769,5,4,IO,11
500,769,5,5,CPU,5
500,769,5,6,IO,18
500,769,5,7,CPU,5
500,769,5,8,IO,12
500,769,5,9,CPU,4
500,769,5,10,IO,14
500,769,5,11,CPU,4
